,0
0,iQvzKfUVu4Ig
1,0cKxJQSxi6hg
2,uAB6fsGBaVcw
3,9EFHsjG2jEIn
4,I8VcWEx1eeHm
5,ILLyGqc3iHR9
6,u4EMcyq587kD
7,VnR04mVQkOO0
8,kmtKIEEjyp5R
9,8liQdslIQUWR
10,LjzHGXD9f4NZ
11,RjLpdoiDbcZt
12,qXJOsF0UG4Jt
13,pklcSEXDXYTj
14,lMFu1efoRiQR
15,QyS2W97Q1RsX
16,qrRFL35VtkIl
17,g2GmNC2PDkMT
18,PlzoV1lSYfa2
19,oDY2jaz8d2oz
20,eWIWSHIwPoBB
21,ITenAqmWEIaj
22,D59MyIG8ydFc
23,t0TB2o5fVBjc
24,oElJ40sgEohL
25,xz2vq48lLn1S
26,FhvabHrGIGu0
27,MjCXg03qVbei
28,a7tYWPrxZMll
29,HaCI4iph3PuW
30,YfcsfIBXBGju
31,9zK7Q8orW75A
32,MCyfDLXqcPCk
33,ZIjAciG2q3v7
34,lnJVWLLV2apT
35,IePIvRfxMxCq
36,YJoe1dB5bKNw
37,CdhPSSkGCPpB
38,d09Qcp366Nli
39,c6rnwtNhRJxp
40,7rmpP52W7ikR
41,ksrz49uBSsN3
42,qoWZC4y8RzKC
43,uamKaOVCOh3C
44,dEyut4o2jyHf
45,Zu9ov0Y6C0Hk
46,0MOMOkr8RUMN
47,9NdWt83rNuDV
48,KyMP9QAFAWo5
49,4fevvm9mluui
50,cXVqgyYHyLhR
51,BLfSGzjVosbU
52,rOQSKlFP6iYF
53,sbF4WlgKgXpH
54,qiGY9oYcMqPy
55,voyYNcrstemW
56,MxU3mRbuU6RB
57,hw8cI5igznl3
58,4FFUgMprd84X
59,dXELzA28Pqbu
60,C25ICj2oLKCD
61,QsQb7OuZRyMi
62,7lB1wcaLC7Jl
63,czJtc0HVu7Kd
64,SYCsuvYYdqD3
65,G3T6TNYsqFtl
66,slgiHfQs8bzN
67,PTOcUmchcAbY
68,M3lclpIYqnUX
69,bD7Pq77b5inx
70,6KA7FuzCaQby
71,V0DrtobTVkfW
72,r8l8r5Zq0Aqz
73,w8IYGNx3NcET
74,TLkYodL8VXJw
75,txlGLRSKtlTc
76,zvSmcydTcHnD
77,AC0Uh3X9xXBK
78,x0shKAf1gtAv
79,CTSP4IFfyFll
80,zoEaxWgs3OvK
81,FnqoA13qRDU4
82,J7eH066rThGC
83,2WBpGA0SWpnY
84,G7NN0BjpQUdD
85,yRF0IXvGxlLM
86,v40j8nxOV6ZM
87,mnfdyH0Xj9Yg
88,RIN8qyBvUISf
89,wqR0cobRbzBI
90,tQjzQKd3R2jR
91,hp3nHJzKDjvH
92,wYsDThIszZeZ
93,A7qgN8fdcYqW
94,CHwscG5KyElQ
95,D3aIwxU9AVSZ
96,Bule0YMTOlNi
97,YJtn7sHYLZCF
98,fk2kDuKbgZgh
99,gIWVil8OWIjp
100,1AO4hJsCzzHj
101,vPL0RS7OMKO2
102,jjG2DjqXzmXi
103,zQVsfW56rHq7
104,ZPVf48tiL6iU
105,aQdK65yfLN0X
106,ZYHCWb5XJ7zO
107,ZIIHCEBIIvK9
108,WA7p4iRxPZfP
109,4VAKMrH5y8bB
110,S7mBIEcHbxeb
111,rQRZKk6lYi2I
112,ka3jpp4fMS1L
113,bm5Lg7Uc3EHB
114,pcJKZ1mvhTxb
115,E9QXhRHJnll0
116,0L2XPyHIz8R1
117,6cc8P724AdsE
118,BZ2rGTyBdtNz
119,dj2yBOGtFZIt
120,4kXeJBJOIGJ1
121,TELnKN7hkYNx
122,F18sXSqyr5Wq
123,GNkQ5iN8fpWN
124,3E5RG5BxVNyH
125,kWM6CrzfD996
126,s3Jyjukl1waU
127,8hmPu7yHjVLT
128,pxCb7B5jgZPB
129,s0NuYH6SjFXz
130,npaIzn5KfvNs
131,FldYPTdWLJbW
132,THwtAED0jL5J
133,GZrqVYtM6XxL
134,44mbFJCeWKuy
135,vPgoPV5HJ4po
136,IuhJxd0IeHVB
137,9m2wZoFTrZiZ
138,kJOKWo3m4Ywu
139,abagbfxH9gJz
140,fAr7FWDnewwW
141,igGg12Iz7e2I
142,ssKiclcysWpz
143,poKOkPXPfe1A
144,KsljYSSMLvmv
145,3qBcBXbqhFaX
146,CxvEHv4vCJt2
147,k9Hy1ZmTEsHm
148,M3TTm5LKQCGW
149,dpmvVp9Lxy0d
150,3HN3fljKLqHx
151,eGO7CqxEfscg
152,dkxJqoMxdo5Y
153,R1EPKTNkrVOh
154,FPLXJW8GsFWS
155,GO0BVrGZ1dw0
156,iJXLw1RLs0W8
157,uVH9QXQ7x5QO
158,yiD3tuoz0eT2
159,lohmdFe98Ma0
160,jWZ4AiYGe0LF
161,w1rOi1nZwt1b
162,JdMx1gA7N7XL
163,aTlQ7i5siGh5
164,9CGA8ULzngFg
165,H4V5CyFwQJ48
166,9OqXyJ75564B
167,cn2k8m4WEjr8
168,gjRDaJYEqy6x
169,M2A9ybyaAFZn
170,nWGsHakuHzZR
171,yQ0VrOs8M4SJ
172,COYi8lLSDnWX
173,odw5WYgPACAM
174,DrHU3Xl8dFGm
175,9O88EE8v1YRo
176,NF0eVaazePwJ
177,nmM1c20xvwsk
178,wTdYQi5GrB6C
179,OXE0TLg4MHLU
180,aF0Tkgp325pj
181,yoD7XlQ45XcF
182,pStIy793PKFa
183,qartizk88gil
184,epC5jdpxucqa
185,lgXw9JRhnFvU
186,cKLxkuSa0CDp
187,Bf4lps31xAfm
188,4BB4GUnu728b
189,xSPsrYr0dJE2
190,pJBzp6YeFP3o
191,kP1V6pIm9TnH
192,0puseqS3ExV2
193,RBOjMprKvirL
194,AxfxeIsTVjIo
195,mng9hAtXdw8a
196,Qf2JmKCvGQRZ
197,HPssE8qQlsJn
198,umAdjUGzz2S7
199,LklJbmFYwoeS
200,L81v80Dx1Z7S
201,3arfVgASGOOF
202,fVdVSi87Dqc2
203,NcYeDJyOKc4h
204,O0wIcA9YaWQA
205,fHEUPedtJ9LL
206,V9gVZhEQpTKB
207,bhdmEyUhe89b
208,p28VKnqIZHva
209,CEOGRmeu7XSX
210,99vWOBt7kos3
211,iBL79RIgBrDM
212,QYfAvom9zMcv
213,PJA7S7mYT6xQ
214,zrCBQwnuXiSY
215,NZOkZHLUaITz
216,jdnjUmQCKUkd
217,cg00EbUGjoQ3
218,znKFIJeASVun
219,htkvYFNuagQv
220,F3DWwj0f5zK3
221,0rEhRJMPGoZd
222,5ejD0J28z5O1
223,D4Tw1mSopfHz
224,Pnhl51i0J5rN
225,HNHJB6qSd997
226,OQukJeyxSDJR
227,ihWRp9rD0gQW
228,yzxDUTGjcvTE
229,lalDdxn1LpNM
230,S4pVxQsIcxr6
231,1f2uDQaCouIh
232,B4OdRoA4kYO6
233,kOe5yMNJvsr4
234,EKc3CNQgpofl
235,0pfireojJTPr
236,ejLJiZpjXIjw
237,Aj0Qj2JKQ360
238,sAJN0rfWjJ4N
239,kaW4gk0ivw93
240,YMUnF5hs3fF9
241,M97ii8ClurNO
242,4Y4WYgbAwJCE
243,ozKP0OFJiGtL
244,2gGdSV2rdbbI
245,Agj0UrkkrWo8
246,aR83y539hGBz
247,pbSqFMvgc9Hi
248,OXoDecgmDiKh
249,Aqk9FbZPAE8U
250,rgsTWoDK2FRO
251,Jp0qtpAT061I
252,zoUYnFQvJWWu
253,hKAwuzFI3Uue
254,rCe04pAOnHB8
255,GC1B6U5Svcxb
256,CgTMWJyh9ZZo
257,RirbdtzE1rj0
258,gIaZu4T8ECDA
259,Uopcbm8GDJIu
260,cN4qS56UKXAA
261,2tDGpeZ305sz
262,tv7hm3uDgjSX
263,AlKR91zdZyUv
264,56lvDuhqClNZ
265,2oOIAjdKPDAV
266,rF9JjBHZKRV0
267,ou93Jpdx3uXH
268,zo7lVucjDQf5
269,GYJ7KYbgHalo
270,Pa1SSKMAfZ53
271,GhTQfFToc6Io
272,EAKMuQtPsSD7
273,ZJwie2drX4r4
274,FWj1Fd5FwYmq
275,qtlSuzyxlQjV
276,LmpmVnkOCb7O
277,9PvJxKi8iAUJ
278,xh3yZTrL4gEY
279,8g6qFetIKYm6
280,2x1eucz69PX6
281,zst8IXVqPv39
282,TrjHJqGoAl8k
283,2wpHax0Z8xE4
284,FxQtj917ztor
285,7UAsNc255Oou
286,WxeenBPMhXyM
287,bDWuPDQ8A3gE
288,eQof75Li3RkB
289,xO7biGnRiduS
290,vcU2XL1tERoK
291,fih960ZKZG0N
292,xbqxKO8lGOQe
293,mbMm52XwNyGf
294,XFSion2wGqkA
295,scHarAvDFEri
296,wYsvMtHGV2ip
297,xxX0DlCgBOtg
298,6HnUMdLDBNm7
299,CHMjKO2iPwfd
300,TAWx3wrFhAml
301,1m8jYwC3b2Ks
302,Tuzvfu9plPvK
303,c48wFClMsyHx
304,7BwgWPDGkwL1
305,5FFQijHGPF65
306,40ipmGKfATKR
307,J1gXntcyrZMu
308,GLpWyLdc4dwZ
309,h8aOQkvHqBHO
310,82PabLcF1Se9
311,2PWEOjWbfmdB
312,lVTqHEWyFiMv
313,8RqRXD0LUUHR
314,RTskwg0ekmlT
315,RbyKXgm6Eq0u
316,g21VrdrVoupx
317,jGbq5XoFu1IL
318,ynXFBNxtM2Td
319,21sFhlHxqIc0
320,MMFfdRDOuB4R
321,m6JJFkZSFmGH
322,szamW2FGIXqT
323,wwzHSFh4FnOA
324,nivs8ob6YB3O
325,o60khIlads1B
326,ne3DXOXfKFJN
327,OCUMGrDGY37x
328,Q7ZV9j67LaE3
329,PXPHUjsrakM9
330,P2BYWBtBGcFE
331,32mGhlzKLtQs
332,3D2EVkSoU9hN
333,xFMgDSSGQxDK
334,MDo15X0DpxHE
335,x9EMNfqTdkTe
336,NMyIZj9ZvAeV
337,Prl1LetHp9Bk
338,A8PYJvJ4nYBq
339,Ql2mx9go7Czu
340,XHoWKDyGg9RQ
341,nPsRHncwrqYB
342,delIRwFqyG8T
343,iAmdmzhyVeLB
344,OB5GYsaWWXVv
345,rsdUPOA0R16Y
346,pMipnMNi9Dzx
347,ZIVjFyUuXFSy
348,9WL34HjCYHiH
349,zDob0PWYGKzR
350,ymybnnJAgA0k
351,1nQXAMomCGSa
352,XT5fRzsvHlYO
353,FMNW042Gejim
354,yj5pjfDKnkxa
355,tSQhkJtYxpiF
356,XvAOsrfOV0a3
357,zzJcK8ooQWSJ
358,X7WQmvTezjIC
359,WotMuR9AnMIg
360,6IODx6G50O6F
361,UF17p0VLePko
362,onyoiVMMv66H
363,h1Uha1DlKvnr
364,GKBCpZWNBCaz
365,Kb2pbmquGV9X
366,SavB4wCqbvv4
367,kLzYXiD027JT
368,76qQQSqEkHc0
369,ONOysTR8LIZ2
370,ReftQCnVMzJq
371,9KKEY8XAIYBJ
372,AdHY4egdS57f
373,xaUdISimd1KW
374,GT387X5u5H2c
375,UGaUQSSC7SJy
376,kdpfi0LhiiWg
377,4Pm4ParsyhZX
378,Gy3dkfTHDPn5
379,eopn1DpDks6C
380,ecjw2OFyvUdb
381,JJJ0McWHu9Ro
382,Eb8luwIsmx4v
383,fm7CYWhDoYKq
384,BbiNDpyL4C2S
385,XQLmW1XakMoF
386,nJC7tjErSJMM
387,NwPiAxYoSxgy
388,mTnj17K4DL6b
389,VHBRSXY2HuA3
390,gX2qoQEJJ0c1
391,CZHCaQLVEdLc
392,LfgNnl5U6KY6
393,TcbLfxDfeHbJ
394,ywNy9UGHFH2j
395,bS8ZvqYypbbd
396,vPDxiHWMwEJb
397,ZKUECqHgsTki
398,188E21JjCCdG
399,FhGdFerl63el
400,fxqJ0mQO4erN
401,liO1YES6jin3
402,K83JqucMIFNQ
403,rPuSDvtcinR5
404,H3jsao2LxIrj
405,1ShNpCRq0ae9
406,dOZZoqY3FNdk
407,6rOA4j07KhH1
408,DokpLbLr39WB
409,cCQnlXdgW7gH
410,WQ1sc7PVzbZ9
411,u6CXccV2VrXP
412,mew4JJBBu3ip
413,XPRlri0sfQWA
414,xX7DRKCsCzPO
415,jMFEIigKpJwT
416,ZAtSM8lR2vtZ
417,cLtxyiR7uE68
418,5kOC2Cv2XzG5
419,YsYdxqHzkuWt
420,AcTmDfN6SwJR
421,RtgcEJZQbzqE
422,j4fGJpNmvZvb
423,Q0L5FzevfRgn
424,qPQKE4t6M4VA
425,0hneAyR58Ijd
426,oJT34Fu565xn
427,ifpWsTLFWoEm
428,RPnXqMxh2Wno
429,fPxFOcZdTXxs
430,6qSU156LBK7t
431,9eaB1TDjkZc7
432,6TIkRriByvkW
433,Hl23WuJHEhu0
434,jDxKfhVGbbRS
435,Ter7OpVluTRR
436,BTDolW7KiTc5
437,4YF9FjktXbyZ
438,EoA9XjZEaxqd
439,bkZBB10bJ98A
440,kzfJ3UQcMr5Z
441,VUyiR4wvQZ0T
442,ZSbTRJHybpnC
443,kTTK3GY1qovt
444,IQhK49Hsq13m
445,RNYuyVMKOM2s
446,JSUtDGMlY6sZ
447,5Y6zp2aVPUi4
448,i8RZpD0nbgLw
449,wsH9oqVieKl2
450,jiQDrNMURT3L
451,Upl5FKIaGEE3
452,9sdGCY2n3cF5
453,fnhQrUkMfmTJ
454,z0WruSgwcdI8
455,0P6GmIyxS166
456,dcnSMp0QsX0k
457,9EVNayDpMRVi
458,DX2RdfDpEvK5
459,f23aL2AHoFsU
460,06qrpMUArH3R
461,oPGei0KFBP7g
462,XQJP5AAFUdso
463,wvVRBGEF8K3a
464,tir5pGqtDP7L
465,OfqvVSeMkuFB
466,DbeEDQ4n7fjl
467,PiEJj0UfJ1pl
468,hlwuHPaCDn6g
469,fw3X1f5eSLvu
470,3VdO3lauw2k6
471,3gTpbmw8aCWV
472,nBj5Uwdjl7S0
473,k7cIVVOjx7xY
474,P4jtO9GSJKoj
475,seeqUJUoKorR
476,vnwRzS6f4FqV
477,JraNJCqaGV7H
478,8kyWdoKZKDhT
479,JLV2bbRtCqS3
480,ClGElehVwqfT
481,JcTfNETXVON9
482,0cgo1hOE1aWF
483,Gv23XWLRWQws
484,xT5OWMhkmG6I
485,xqY9zju9W4iZ
486,5TBnwTr1b3de
487,7ylXryAqpzGh
488,Cb3E9IOjv5eF
489,fWMSivASl1gJ
490,u5hzkpyn9On4
491,Na3QGaCGHDYU
492,ukJ4dc6aBm7a
493,O3CVvpTJztEw
494,B7J4pJFXH3R0
495,JI0QtfXarLDr
496,Xe2F4k0dJJZJ
497,DczHP0s0fmfd
498,yoLAiuZZviMD
499,ZlzdWmwzWXzC
500,LN8ZchXsby5B
501,PZp1cY9vHECu
502,QPHOOeY7APbv
503,AzpGsIVboTBP
504,yjwnZ5vNsZnQ
505,Vl381E1OAcwh
506,aYQqEC5LSNop
507,Jw5j7VXYoGUo
508,ofLJixhLMMzO
509,9bNiuLTnOlzS
510,8yaB6ABlJthO
511,1TI0ivqff8uC
512,4kGkjxRjAMw2
513,tWJU75xUMN9C
514,GTLnPPh1ksZE
515,mTLywQLn7unR
516,TnOhBvMwC6xu
517,OKE4AnO4c0d1
518,SwylCOKEzNo6
519,AfjAPqZ2mntZ
520,X7qDhoNWtHYX
521,4VC7VuqlS4rZ
522,TSCRLiwMsMRr
523,TvWMwhcrCeAx
524,aIbxU3FMPUKB
525,GToY3zPLLCVK
526,L1QN1Dbmij5q
527,Mvfb4NlRT84E
528,Kp7aQjO9I9mB
529,5JUpoE5XfrCa
530,8NPqt2vqbefS
531,PtvIAukGFKe8
532,jDskmsq3ZXZT
533,SvkSOhD24PJn
534,1HEG1P9MbL5i
535,vHq02G4rvdWk
536,Jc9qJgteSqrg
537,Umi9nOylORtX
538,pXUOXcLf8nOX
539,sWIILaCEjqSL
540,70PF309bkL6a
541,mNoSuO52iAjq
542,7PdJ9yZOAxDW
543,7LPYLOOduott
544,UYwD9oCLdkRx
545,bEYCG4jt3d5M
546,NxEJNnJiZgYV
547,OrmLbOPDeyEC
548,pTEavLCHODl2
549,2qL2aUc07KX6
550,wmmj7MlYZH84
551,tB3yAOYGZ0eY
552,5jQw0M3VoQ7Q
553,uJxEcc4BnWLE
554,4sDh5JzGSxTx
555,ihrzOSDZpd7V
556,Y7rzwjV1JL7L
557,LsZXryrZA8k1
558,CXyBo6flvMEO
559,c1LcqQKbKfWj
560,2nczzEt0mJj8
561,6maIpEbSGfQp
562,Ny17TrrLe7aB
563,6IU79dS3hcB0
564,jNABOZuLhPEF
565,t2fEv1wCRKNh
566,RDsvZZG4hGHN
567,Y7acqzVf6LQy
568,45EE6P8470Ii
569,GOmWdrll5ckI
570,Fz7vNGa2CL9r
571,1CIuww8hKbH8
572,D4BqhYZk68Sm
573,DtuEf1cI0BmC
574,nuHxGwsGuAbf
575,WJhcPyHycEzF
576,CdRYDG8d8A13
577,AcXIfFzTUHti
578,cCEOTfJluBqJ
579,NLc730BBsOpG
580,4hsLI3U8ARPB
581,ZOkTiCsT49KD
582,A9bkUVxOVkdw
583,dhlUFleTar79
584,pfDH4EkQJI2N
585,qEPlsA8CAqTq
586,Bt3VJgGqmxU3
587,uHvld13ZErGG
588,zGs8frHDBKbF
589,iGO41ry0paxW
590,jb3JEXMGowC0
591,kdtoVEbMz5SM
592,Q2vMOFUOHW3T
593,9bq3rgbL726l
594,pe2KszhsvJ1h
595,ydkLjTgZ866H
596,WbJ8MVQu8kbl
597,400bettGxKbL
598,eC1m6KSOUvO0
599,vOSuWGurWIbM
600,l9TDWp5FLAIs
601,mbN2TubX9Jjn
602,2Pe0pQnXSRWp
603,YJNtKNUTKv0t
604,HsJ05VDfjDS2
605,AQkvTy0cdsyf
606,EfAioB2oAZ0A
607,H3rEAq7PQh8b
608,tzE1gfh3nEol
609,dGnJusq3XbT3
610,aFi13ijddOa7
611,kJ9ijk84nIEu
612,GFYkmJfQM4X3
613,3hvPcR6YpQcI
614,Z7LFqQFjgghL
615,H1bmmKSZ0G5F
616,EE4vbwQlLcO3
617,IQnrgkIfy9UB
618,2JXMXglNZY09
619,bbpPLA1ZOnI4
620,gRzLZE48ApqM
621,8iLwnWzPPMFP
622,BKWHoiOP9zLF
623,pKEmpWnd1VQt
624,c9xlczArYYOO
625,mHIOybKzvIMy
626,wLrDSBxVpOoI
627,brCEikRgJxGa
628,xceoTZZycbV9
629,hpM3ZG1IvjaI
630,aW8IHjGWuhV3
631,OWt8Q6s8ckHe
632,iVNBHSOcj7Wb
633,Avd5fC1ZyHvm
634,ysAKmQTgLAx8
635,oUrvj1LKNsEe
636,djJGGsYt6xRh
637,mKMtIFOIDqbE
638,ACtWeBEcFsnH
639,HT9NWHB49Dre
640,QcmBRS1LhXCU
641,NfbyirOT1Vfi
642,dADkI3JQ1UlV
643,EGJTYfQmxmhM
644,32jd7uPqVAeT
645,7tQqNmdn67xv
646,B2IlyErIsLn8
647,hHS7rIvK3Ivn
648,5Rbme94KaEvH
649,JuD4YO0KK0BQ
650,knUPPmVMU0Nq
651,wZSfTlNMkRE1
652,M8MFd7hCSz1G
653,sZmWJnm0SLKG
654,TbC19cjfcRlZ
655,x9Q3RCjKb0vl
656,PovjR6B3Z6w3
657,k6at4g0WMTcS
658,04cS307l6gqv
659,3eWFxsPVy8WL
660,t2ogPTRU9pwi
661,l91ScAVegwKv
662,YoTOITqzqvLo
663,pc9xgghxJgb4
664,mIMtv8OdLhzN
665,vV1MBUxe11No
666,7YQmOjR2aNfu
667,NvMcUq7kFztx
668,E1NzRQdTFNsf
669,D5Q6SXbGzoOq
670,z6stE0I7U1cJ
671,JQ6SiZ6VcpHB
672,Yr6KHjQSQhy4
673,ygBi36tCe0qp
674,Lleger5hZv6K
675,JSpWFEZBrAsB
676,OKFDnhQQ5UEP
677,4SKq6MY05r3k
678,LD4v7W5NC1Cp
679,ycE9XTefi4ZV
680,DSB6L60pLZY5
681,PqcxisHIQDQV
682,vXGi3kEtrJch
683,w5plGSFQh0Ua
684,M4zDPlMv0fyZ
685,7KHEcyLjzFdP
686,O4LK767P4Tfq
687,Wuj8EZ1xzVT1
688,Vhc5POZpiHGo
689,fhlz9sLo6GPK
690,FnWSjIOulq1m
691,dlFF2fU7QKRF
692,3AtcInfukFRo
693,TqiWenT3MGJc
694,e3PChJnRWKye
695,xcNoSJ08z2mr
696,L0WUtOiPKH9Z
697,2YmvXphYryu0
698,yOzKraHL4Yjr
699,BLuRuKiQYXo2
700,CaXJ5QEqEAJV
701,sr1yuI36m1Nr
702,OprOpGBy1R4r
703,WEwg128608Zn
704,oH3LeWtOVGrx
705,RST82seN4X65
706,SLPMiEzHM7W6
707,RP2kZ51RuIdH
708,oytY2kTPgDDA
709,t7FdGFNhBjFV
710,6ZPpDErT34JH
711,OHeoCKgMLptf
712,tFLhY4SC5vtT
713,zZYMxEEdCkN0
714,MlIg9nUCQkJT
715,rbBq6HQxMKbK
716,edeJCK3mXJwN
717,x352TuGc3lqW
718,1sdr34EtZQjP
719,604FfDC0NTxN
720,i3WpcCVZ61IW
721,NjhP9IRmfj4P
722,nYnmvs9Q5r1v
723,YtZ3mblBYDmQ
724,Wt0WhYTMjmYF
725,USc7GTG55gEN
726,rLYBRaCwOYpA
727,pB1xP5cN604b
728,Jcv51fnILogL
729,0rmPXfa6dbOl
730,rCJWlsvPcIma
731,W83NTOYQzjig
732,ZxnrwOIT5fMD
733,l51Hhpm2oXtc
734,jW5Fo5lBWH5p
735,1lLpUt5hhzU6
736,r6oerYWyzTdQ
737,Efqv5odBNSUM
738,e3FwOVbot8Vc
739,mMd0WoToItL4
740,YvHpeed2iuFd
741,QZnPEcXKlSVl
742,ko5Rfc1HV3Cf
743,9QB7c37v5kFi
744,xbBqMfhoH4CR
745,cc9TfrtRVQnE
746,D1Zf3DZuOTLa
747,1OGW0fctynDP
748,kD2ZtuCVfejH
749,LaPOzTdNrfvt
750,2JckWgALyQlH
751,RZyGsyojiYKt
752,cZvml1e5KP17
753,YfJ6fCP5w6E8
754,MJlKeQYwssEL
755,m8gPEmBAD5La
756,ZLyCTJox1IeC
757,RubfGjHWplgQ
758,NpCxesnhs9SG
759,izaEulvff4Vv
760,550GjlSfCsxR
761,MTt6ZyMnY4CY
762,YGSpkfIec0Va
763,N5zpbp4Xv6V1
764,4SwhNMEtktkA
765,jsIvrHxihhIa
766,Gl90Btti8mVx
767,tUVoecUrktwX
768,dNKy2kkows7Y
769,BFFZ7CdWGybb
770,emtCiXwPMwno
771,FFkazKKGZIVP
772,hPlMKoHs9Yaq
773,GOcyzXdLzffZ
774,v7SlNn4thcno
775,hIOLgxYDgxPU
776,Z9M3eb1oueJW
777,SAb7vQxfD0TL
778,ZW9yKhtJJFkS
779,VMB3YLFWDjmh
780,kZZakXswNRrG
781,0GqPFRv15kFP
782,SxDGiHR2BDgy
783,H6zF7nHCyEhG
784,Yca45Qk9QKH9
785,5pDVYsoMwpHn
786,iYr8Zsewng5W
787,aMjqPWjyRHY2
788,8uQaXzyroyry
789,FMSdvwAVAYAS
790,3nWufjJNGCA2
791,1eg37PZjTTcP
792,x8mSrKQWgkVB
793,vnadvjwDxBVs
794,pD8BpWhVgW89
795,aKblUEvKwu6x
796,Gs6ZF5jyrV5c
797,TL9CyjdPHRWA
798,mQ4rzQevm9HU
799,0TfoJkuMT0tE
800,kMvLENWZXy06
801,DxyoHC5c2LN6
802,BJBY5ywlshP1
803,8QXmVluD72B2
804,o6NLPvyoHtNI
805,sfuxWvN70jRv
806,8kkUvl2uXxwU
807,P2jcWKPWVoRX
808,OgfERl0xZpQy
809,2BQdx9OAA8ro
810,h5yPt4l0t5ae
811,5Rj49S1F2UWY
812,tCRotcROuRdp
813,eEtQdOJMSIvP
814,qKcbucn2vlwG
815,aVK1pFldPy4q
816,hWTz8qoHbY6u
817,cm8mGWXKy17M
818,Cw1BFZQvGmNY
819,u1ijNuoXPqPh
820,1dFEEZyPgBH2
821,TjHHaWq8Ylqt
822,hMu2n3vXfaLJ
823,EOxFBhDxmTHC
824,R6NNvI0c3CB8
825,SLtSS3ouTjBq
826,0vnBELfrb9dS
827,8vlYkaZM7Crf
828,ryd99iPvTBds
829,vabaKjXj9498
830,CNMrP6M0oRlf
831,68lPIKWMSSsZ
832,G8vCUKZmfMzV
833,Elf0sRSdGvZ0
834,LDYYHlTfDiEF
835,cBq9B4MpHTbm
836,3YugK9vOqlKT
837,AiofgxDoqNLO
838,sKGUhRPHLh6B
839,shOcdWH1oD0p
840,ZSAkQ96uO7LF
841,CQZVOE6SIWO5
842,LQhBh97rsYRt
843,8piw51n6jahD
844,lP6yQWRLe42H
845,1HKNcvPaCUMP
846,y2aNDldL1uZG
847,rUjYCh7YTH3r
848,DAJlHrzphUUQ
849,HuIM1kGitDWj
850,RkaeMqvYBnx9
851,VdZu1qGiQApP
852,U98RVqCtWXgR
853,zRA4ZSlcwSH2
854,LIhePHwda2EP
855,efAkQOs4JOCA
856,zfJMwT1BRCjJ
857,PzyddiDBOIuO
858,ls2oibQWrdjD
859,ydWrNZDM7Q2p
860,Zt4AQNzUpZcc
861,IOw1TyQESOaq
862,4AlY4oxTSTe4
863,YzlH9szb0Rrd
864,czulsZBgtumE
865,f9ALy7GJ1ZUq
866,AnUu385TxwKf
867,huiVGkdICuGv
868,EkSh1sQwnYnT
869,Pv9lTWMU3ZGV
870,nrjqQ3M1oi0u
871,wtz1DBn6FG6T
872,Uxk5aJFukwtA
873,7pC5kUOn8jbh
874,Ls3OhOp1uMb2
875,ssXqJL3HQc8Y
876,gjDVrECQaVHq
877,siqdu5P4DZD1
878,5jd7lDjE5yZ5
879,ohFc1nunAW6u
880,8zBR1QLOjoii
881,tTnYH80F8Rje
882,isMelE4CQgGI
883,zq2zOKcGH8eB
884,U4Env0Iq3keP
885,KhCvIeW4YVI7
886,AOEM4kdjgADh
887,vrBoGGV0q3NH
888,L775ZMsJxjNr
889,hnSRsWWNPFgW
890,a7BMNwJ9ZaKA
891,EIlr4TzuT7l8
892,ixgHHEi6ggbp
893,TaBBFaRq7ct3
894,MoOCfRjnEuHO
895,yO0kgXY0UsRE
896,FmcHdOqM13U2
897,SOu4Hx7B5yDv
898,4MIJpbXVAA3e
899,okzIOnFaRrmj
900,XODpdznyJYup
901,c1F16M8YqEJZ
902,SFULjrbcS4D5
903,Q48keQoe8vx7
904,Zwt2kKyC2JV8
905,r6U4ppkboWAM
906,i8MRJlV6nLEX
907,hFFUm2IX612z
908,U4JFi0gjqgB8
909,RIozz9zyrYmN
910,tUR6bPYyhSFy
911,QpaKqRF6Bzf2
912,Kfp0MN3XWLit
913,sGd1f93NyhTz
914,DRHS5ozg6rBA
915,LDSymW7WGhjO
916,EHd2T2LuWm30
917,5d9NL7fGV2Jd
918,eDSfLYRyCKIP
919,Yook9xcssDSu
920,KaXqqLkK1qxQ
921,mJDaonTE9dSw
922,q4CkCnQM7dW8
923,4zR9EjmG96LK
924,WYkWtq82k179
925,I006y2W7vGiu
926,LOsxuYgo63X3
927,0Z1plkG1tg9n
928,eg2ngSCOjmRt
929,tBqgNn0HT2av
930,GVbj04begLca
931,MZdkIQ9WnB1x
932,Vt33U6xCkJUn
933,2PYPi9O0IOnz
934,kR3PJMjAN2UP
935,vqm1TgoEHP5U
936,nmsQIW34hHOh
937,SzZrNx5CvSbi
938,Gprtcpxt8o0t
939,jN6WbiAgDKzl
940,kxPCxcyAL0jn
941,3U2tcSJVSVlL
942,NLOcFXp3r7ey
943,kxbTfbYGr7nC
944,7uF25OGdXs9v
945,quwES8hKo0SQ
946,nfTpntMRxS6h
947,WZilusPvZOnY
948,lRaiZDl9ltdY
949,hTHwA6KqkDk7
950,zKAHqYA4EolT
951,TUl5roUKYnfk
952,aUsVNMECwHU5
953,ET5KzHVhWQb2
954,DLuxkiymt3Ij
955,AFB5PHGWQiDF
956,E6h0xBAX2s29
957,Bldyqo0EHXYq
958,kBuUrXrjNzhL
959,0HPrqwu2N3QN
960,8GtahI6amPQP
961,obLipuH0ZXjO
962,tAxtpvXNuWdf
963,4PUoOJc69r38
964,Fpp5l2R1oG3o
965,IbWcGk4Lngih
966,VkWWFzV0LokF
967,pIvCnDXRlcnM
968,JRadq5ajhuTq
969,sA3pKoEL4SGH
970,YhrywIzEUbCg
971,TXDLd2JlCja9
972,v6ToWhusoE9w
973,bEZXzgJcI530
974,CPT0w6ckRclK
975,xN7HtjwOUW5W
976,Xp2mVEUzS0Qa
977,9BX2v7b2VrdQ
978,lk6IgKEe0bVq
979,hrU4xvE6Lylp
980,LTczN73vXSYy
981,GXFpWhWctkbm
982,QExqPRJjz2HJ
983,JIvdfJpWA2M8
984,bIgDOVrlCOBt
985,wA2WtrRwtR8f
986,reVgVf5uBvzQ
987,B51vZ3o4o1wi
988,OsWkScGMORR1
989,uHOE5QYYjBtz
990,vNRO5TCsgbM7
991,NO3NNuaBVF3A
992,81ZdhIAO5UNE
993,xXkSTONcZZN8
994,wCTsmcyI80FG
995,Zw5bBIM6x2t3
996,ocEeIojJ0jDE
997,mZvEgNMBS6OL
998,AKfQYEHCgjFi
999,cekozLneMW2F
1000,8Q4jkQIprmbI
1001,FLBxlXleiZjY
1002,4tnoUOSjdKC9
1003,3Y0925edwemI
1004,LrbrsZyXDqyq
1005,VDRiAdJhQrmi
1006,bu5lff9CxcyO
1007,DAPAhq8XGtWg
1008,i44BaFBDQ8CS
1009,w4fRdBiQmnwr
1010,CL4fr4csdkOE
1011,eer0uJ2m5aaA
1012,ATohoX3ee6Pn
1013,eJgb7a3Dtk7R
1014,q6tljro4YE1P
1015,oJfI5iV2XIaI
1016,0681lRU3agVr
1017,IgWkNQpFudac
1018,NVxxwz0lKZK2
1019,r4dJogCaSJhR
1020,x16GGHsYrcBc
1021,eUBZmiNN8r05
1022,KdCRL6LLxurc
1023,NC5CPPzLf8bI
1024,9P7W4XvUUeFF
1025,vGYSKbMwVMYb
1026,4aLwvkG8Dybz
1027,gbqQREQ7izE3
1028,pwCiMTYknH3C
1029,XUtkB5e4gDvn
1030,DVhYCPqpJDWD
1031,929V7unSxatT
1032,5ZhZm7JRHFHd
1033,dTcJWPsROyxt
1034,ZvFHx7IYN8hc
1035,HjT9wk5Apkjq
1036,kT0iRZgTxvza
1037,QngXGQ8bo4Gu
1038,8JJagU2iQsJd
1039,2gAJh6BVK6Tp
1040,yfyJTyJskhde
1041,imzHuIQrDAd8
1042,kBGML6p5EkLB
1043,NZb9B6KTXixw
1044,WcSkWuIzMVA8
1045,tRPQCU4IcZ6c
1046,K39JVXBeN7mN
1047,moDvKQwdsEO8
1048,0DVxZhMcXB3i
1049,M0DAHZ5yheae
1050,hiYCivIW14RQ
1051,qHoTJlNOhk6G
1052,ihKhSbS6OGdj
1053,bEblm3kJNbjF
1054,bh69hcge14qi
1055,dFkw2Sd5C5qd
1056,AsUJxxJeqL8y
1057,wntlXKRTCPjQ
1058,QWxc9Mo8Yeco
1059,7mZcqPx7styd
1060,fBVOLiNdKAKp
1061,JavjczOKQ1on
1062,IFz4itJ2JA8c
1063,KzNz14ysklJZ
1064,hVe913EGlSv8
1065,hImM2USBTFtc
1066,rqEuFlOApZaC
1067,qu7CCVEfT7Ld
1068,vXbdtMJ1ZByR
1069,KQ9NAps8wV6J
1070,LmYz1ATJo3io
1071,jwk2zmjEjMlC
1072,4eZyMHth5kzC
1073,jPaKJVUiYWrk
1074,Laz1lIJExRNc
1075,aQX08Px94EMJ
1076,deoIuZh8xrXk
1077,7MwfFHRFtwPq
1078,jvhZROmfLMoQ
1079,bKaXyVFkX3Fb
1080,Y3Fv1Qm52Qe1
1081,7qVoT5rd92Fk
1082,KkJ00B81B1SE
1083,M3PlbywmYCtl
1084,mLZe1xGkRoht
1085,VnqPSWddqPWR
1086,0eQEAKbjJki0
1087,aABN4UyCqzQD
1088,SU5w4KugwyGo
1089,KBBFOLTdsyzc
1090,nhfWtA87SFXS
1091,CszA81oWQZu0
1092,K2tjgsoC62ZD
1093,MHtFxhNdbAFX
1094,eql2ogGVHZU8
1095,O8TStag72sWl
1096,n17D9VM44g9G
1097,mdQoOllf6c1z
1098,oP8cqTms3CnX
1099,7P23eSFpXVZL
1100,yDRrz4drMG0J
1101,NWeq9ierU4Nm
1102,Qkmayc1NtLS8
1103,jb6CtuBEMq4I
1104,mVxfaTO7pSBT
1105,YFiO10e7QD64
1106,hJOpY6yjDgOz
1107,G9Mkcsi9UZEL
1108,aOfZDeDu9i1e
1109,bprueQGpePjw
1110,VfuvmvzRTU8N
1111,FqyHr4obTiZV
1112,smh3IkKGxKNZ
1113,CjSEGqwHEAVB
1114,brjmFp9rGTAK
1115,sdSCAslB2aXN
1116,eGLelaBRTS3F
1117,fhzqliF701BQ
1118,rOgeWJhFFWiU
1119,efg7LD6JzIWi
1120,s93KhhpDiIlN
1121,TIAjPermLmuO
1122,QuTVZ7eAmVvR
1123,iyuZaaJeEMGQ
1124,FymUYWb7r9W9
1125,LhER3u9NqiRu
1126,zCluqFOSl36Y
1127,iEfEyJ58FuLI
1128,RH8Mbmm2Zlct
1129,G0pS12jeQGQV
1130,ljeGiFvxnhgW
1131,4Rqlt7J8R0MN
1132,s8zOgrGNNj79
1133,HqI6JgC7y9yH
1134,hLvBaHp3I5cg
1135,qbWKGmIbgsE5
1136,J7k047iseiV2
1137,fKZMptJWuTU4
1138,JoSfkMZPkwbF
1139,mq9KHCqz1xwG
1140,OeZF8URn5ZOF
1141,83txlws37uGM
1142,JoQhohXq5dyP
1143,INaGtKU1GiuR
1144,a0SZ2hymgiZz
1145,YLLzQVRTF7VS
1146,mo5GyiD2GGTQ
1147,acfvt1qPbBwJ
1148,16oJze3IIZxN
1149,OdlYvIXLGf4V
1150,nkU7ZOH9KNvI
1151,yrfRacDnTBFp
1152,f7ZJpbmuLcsh
1153,d8gA8pnOR3sy
1154,vnTLxyPtnSMj
1155,lrJxYR2hg14t
1156,LLeHfI52MdBT
1157,hyQ9SVL7dbtV
1158,1vqAGdQvosk5
1159,gyyruuSz36N8
1160,bzOIqkRmiAtM
1161,f0oJSZqHHcVm
1162,CT7SQ5XmsmkP
1163,VWNQhIK58jFk
1164,1cZQFrbiwcPm
1165,vqD2cLtqdjBK
1166,pWHDj73stgWg
1167,Ypx6DaadnXJM
1168,G3L4QRYg7Xi9
1169,fcM1CIUQienj
1170,HYkAmS5TFu18
1171,KnDekSrNwqVQ
1172,maBgRjsvm3ZB
1173,Sbh0CSeVDViA
1174,2NSN81syd9Pz
1175,ZXthkETHjWui
1176,XcKH8GZorjCO
1177,6Hu0lpn79YMo
1178,ADCHyHb40cHx
1179,36XbLuiAKt9r
1180,QmKwX31pXyrQ
1181,uAxYay1LEY3g
1182,wrF1JBP732Uf
1183,AZsKW5BLkXdV
1184,oBQDIRVkkozT
1185,D6nC7rTyp1GG
1186,xf3qOMbrigrJ
1187,i0Efsf5RIgcs
1188,v0Vp8YIRfALu
1189,fVnHieAILvH3
1190,UDvxyjMQo8j7
1191,5mgqTKLEajrf
1192,1zluj4cvb9a5
1193,BAv0Ac1i7lYo
1194,IvYj9XEC32Eo
1195,YPFGnRJVkdBg
1196,LtXleFhEsQYu
1197,eyf4DjB3p4Ex
1198,vHqiJqlwYEuE
1199,NQGXAk5LDsuY
1200,AumPVfyJMWpt
1201,3BOv1ZjLuMDO
1202,rCLRzEjfqpKS
1203,N0tthwzMCRqB
1204,OQW7tjjAgme0
1205,t5eRoHAJwmiN
1206,2cCWxAKoBVtR
1207,87a3iqdqsZ4r
1208,v1Cd0rp5akrE
1209,x2hdLL9xCBLk
1210,yHwHxb8xOKHr
1211,bxWEwGVcCYHs
1212,8M2BjoMI4fOE
1213,DFGP2jzBGNtB
1214,QEzE7hd0MqBK
1215,kTU96wvKJv9Z
1216,VDUj0Iy785PB
1217,yvzgsqRrhZdQ
1218,1eRfZBRvkUy2
1219,VsoXxi3nixv3
1220,kbT3Fkijk1Wk
1221,Zpl5bbVy4kYL
1222,gYzBapJr0rqZ
1223,KKew5mLEWGD2
1224,yd5JhfltYEu4
1225,uwN1BJ3AvZJa
1226,FsHQ85agEHIq
1227,RfkCYxKyeljB
1228,FBm1zg4h7qbn
1229,tkRu5VFMoHx8
1230,y0Vk0uNinMXw
1231,dq23ev9nOyxz
1232,JjxP4kskfQC2
1233,ccj8FbfIEib6
1234,QlrxIVF1YHYd
1235,QV7wWiJlylBY
1236,ehyIofJ8r6Bn
1237,pQuKxynLJhSM
1238,bowQTo2cKCgA
1239,fYDLVrcq6VI8
1240,t38jrheBuns8
1241,OmYDbOFLf2Av
1242,v5VrTDKKIEhB
1243,sK2iF7AzOCWO
1244,nPrY5snsOuPs
1245,mB4qjLl2KLvA
1246,2e0YLNfLC9QH
1247,uKnR7cVGljIy
1248,g4rsrSjLUbcl
1249,WMuuccWkOGq9
1250,3KLyJufh6vsn
1251,xp1Jx46EP7bm
1252,wMLASSFXjohx
1253,0DiX8LxgTYmX
1254,12eSZlBZBMxp
1255,PZKwzgh1ULiN
1256,covUuWPQU3i1
1257,vUfMwrJDHgFr
1258,yCrub3o2sXEl
1259,HWvH7MnOqiOF
1260,8iSftmKsxU4G
1261,x8aTU1vC7jRC
1262,Ea2uLlPEt4JJ
1263,AfcCek1AVUHd
1264,p9puxfCp1Qk1
1265,ZJyM70eEVG4v
1266,SXB9hKriOpKl
1267,8HqQMGrxMrdc
1268,XkD3qQWA0cJ3
1269,Uof1KbMoOSli
1270,WPWnpNDYycKQ
1271,5GmrWk8qrtvN
1272,5vtNX2larVI0
1273,GTRVylYLyvCK
1274,dFOF9UAgbw57
1275,PoCdLiglO36H
1276,WTxjukXn1KWu
1277,YWtTDhGNp0fU
1278,UiH9hldJcOyK
1279,pFVwY1FzbgnK
1280,kjDi1PoEAYuo
1281,nP9Vedlabe9n
1282,S4TWE3NdNPkD
1283,JtfBEKscgG5N
1284,98WtOSjxKzGn
1285,yiu6j0Dek38V
1286,dT4aEqp8lFuC
1287,C8ONdOnG593V
1288,Zn3d1rfqcDru
1289,eUYMN1Rp5rg6
1290,jDMYVllhyEWp
1291,PbGisyJzvBe0
1292,fni7nl6K8XGC
1293,ubBXXAOYPItz
1294,CVhUlTOuZOI6
1295,xPQp6uwouwSv
1296,3BbbaJhTvNgm
1297,DYy7aLKHnZPh
1298,29EgO6HAa2lp
1299,2Vul6SE4Kqvu
1300,9QdkJM3Fd5N3
1301,Z6o78AUhT3BE
1302,vCt9pMZN9SNC
1303,uoB8gb6AgGSa
1304,cETdDeTOXIE9
1305,3sc9X8nJfqMN
1306,fJnjXpJO6yzL
1307,qszkqm6GrkD6
1308,uA9Kymqt5uVw
1309,SlttSAlDvh3n
1310,qdCjoDngig4x
1311,ubUZX53kWj5m
1312,lwWb1Tr7mk0r
1313,LKmibucL4NuY
1314,U4n2kR2t5FLO
1315,kvhFvQegWELq
1316,qw18UrPnYLqV
1317,z4VY56b2sUzO
1318,pVu0EozUikYc
1319,1eCJhPUZr8hJ
1320,iN51n1cASw1U
1321,4NXhsL3gMaK7
1322,qyRdg2F1VyW7
1323,2y0PRK3CYTD4
1324,VJFSWDkC9Sx0
1325,uqg0wmAnOga2
1326,ekprHonZzkiU
1327,tq7Ii00szTBo
1328,hy2qC5sztc78
1329,aXcsCFofGXCl
1330,sb06EFv6Al9J
1331,KYaB09gwkqJL
1332,NdSyjV2joiId
1333,uNlV6JeUV6Qt
1334,kMCAjNbDSNco
1335,btMqeVcxuSOn
1336,VOHLb8rhBTg3
1337,bHme8niqtEej
1338,9iFnZoEFC2YK
1339,VarVJUAEe2s2
1340,iV231rMyNNpv
1341,Xps4zl5glau4
1342,ggHK5Z7tY7gk
1343,ufXie6wORnw0
1344,Exxa0sytSeoZ
1345,Q9NIaGN1QCgD
1346,4g9opXy7pZbV
1347,x8tHyLWe8GKI
1348,LMy6BQjFbE2W
1349,KQ5zWfaxuyt6
1350,PJFLamo9qbBM
1351,XNCvI9CWGf8o
1352,Sug0OUgH4hiX
1353,w0IG5Ud8aQqd
1354,xfNMFwvwcR9c
1355,NNvbBQm44W0u
1356,9O29w3GfRDFJ
1357,n5d6ecyaATgq
1358,HiXi9F9mMwEx
1359,pki0DSHQdWsk
1360,jQFh3wP2dmOa
1361,I2gRI6cgyEmJ
1362,koGUaTllVSW1
1363,sHqN4i8iiFaS
1364,ZH3CW0ztFjCZ
1365,6uQ49fmivB8t
1366,fJ95sDKmz5Ik
1367,kOuxJ2LYZLUE
1368,CihtSsx5VE3W
1369,b2oRysrOZjf1
1370,DDMkzQhwV92l
1371,KhnHqlqrDw1m
1372,UriMMVo4arhi
1373,YHtot9o26Kqv
1374,XlfkoKq6RTp1
1375,LvH8ykweLL0F
1376,PYk33Cv6jpwY
1377,3DRMcUcXyAAj
1378,wIf6mzltsByb
1379,wJpwvXzEFYVj
1380,x5XkoW57n6va
1381,8H3k9EofhS2v
1382,tvPBRdDrs8tT
1383,pQTVgKWezA60
1384,HqFaLTHnwDo5
1385,nJ8kIGSt8Dx0
1386,rimfl2Uvz1Qc
1387,iI9eoR2GaJdw
1388,cNBDmlqDUdLJ
1389,dnZ66teAuoES
1390,baV3gtSE220C
1391,PjoDPaYf8PmZ
1392,3m2pRph0pdjc
1393,NPn78ifRnM1m
1394,9iFmhZ3OhMLX
1395,UhtntqZRnwUn
1396,0Q6CDDUAmz4G
1397,HB9A5isOgsWQ
1398,5gwHM9FF8Knf
1399,szMfAb3EBOq0
1400,FfdwihWGkO4P
1401,6tVTnE0x8AdB
1402,n200sIOm40wi
1403,QwFZFQiVdy2J
1404,DhUlKQm1KF9u
1405,AUAeLSdBvuYO
1406,P6yCF3cMN32V
1407,8YNMSgMnANHL
1408,CCL2n8kp6dni
1409,uYtw2uyNocBK
1410,z3Cdp0OcURTP
1411,ebEfrbEPKsAa
1412,otF9oEhTAJGa
1413,l0hDTHs8w8Zu
1414,gGhLmScmUDtr
1415,CMPEXqW0UFUi
1416,0xo1TZnrESRk
1417,Oz3OMiQPWqhH
1418,uqQ8N3QL3kOW
1419,548xoKnq4fOY
1420,F1HqEnlWhaAc
1421,I9zPNwN56XGS
1422,WCD0QRmQ8dpI
1423,CRnoonpt3kp1
1424,6MSV9cfnllet
1425,1GpDjezTzNXJ
1426,pSl5OY5Tx3VD
1427,j7ZQVDxghHAF
1428,Evj71luBzyZp
1429,9SsI0QykQd4x
1430,f5KaiZSn7ATc
1431,cwJsi2CZugJB
1432,5hpBW5m76xUE
1433,pLaqrXM5gC2V
1434,mUCSdD318Wde
1435,0QTmjaVV6ZtS
1436,cVTbMWPOJZcy
1437,kuzslRXi0pGO
1438,UyT6jPBuA6k6
1439,nNsEXx5L56u5
1440,GlaW9HwSp3kh
1441,vvQgGe3ZUjXm
1442,aXEZUgPASxmK
1443,YYhtkJQRddSd
1444,zb0GnlpHGK11
1445,LHO74sLo0U5j
1446,Xg7vhcTZ0mlg
1447,qdRKaz6UacON
1448,f0iMpXwe913h
1449,mdaNsBAVtIFI
1450,lzeRM5791FbG
1451,FqvEQqccSPkl
1452,FRAh5KTOPmwc
1453,wODbloHpM7JM
1454,KfryMlyZEtHf
1455,zALX2XG0frz2
1456,DcepweicBlBu
1457,zmRjrG3J0yK5
1458,2TIoQkD8uXBH
1459,IU4gFsw3KUY1
1460,C1Ql7mM1hT7z
1461,xTUKdx0ktmwu
1462,zVhNLCkVEL7b
1463,Uq5X9BCvvVfb
1464,Mv8RuSB3LabJ
1465,JYy6dMA8mHHG
1466,DPwLd2umy1Ko
1467,Ss0SeoAdK6iP
1468,dcPos5vTKwXd
1469,ZMRDwKys0s1G
1470,8o1ZOseu4OkE
1471,POrYWtHIewsv
1472,7E2A3p1kyqSe
1473,7DahNRaWL4fo
1474,dTj6CbSq03Vb
1475,aUg8nUcPBfJG
1476,LfKoQ4JD2O4B
1477,7Rclmp6DCq4S
1478,AF9dV8cqjICf
1479,OzMd6G7nk3O2
1480,unLv3P203nv5
1481,hTuzMLnle71P
1482,YDrbqG1JUsmm
1483,7CSvJGLMc85s
1484,S8BOuHzDsTqc
1485,fDV09pil9O8Y
1486,RkIkgWwNPS4w
1487,l0id7CmcvjwY
1488,M0sorjeT7SRg
1489,WhwUkuadBAFl
1490,A8VfNUsSqGpZ
1491,rhHAUMTXzQLN
1492,PIs5NNAVh4lW
1493,KNhR5y6GgChl
1494,7MMjZl0gKQTJ
1495,NnYjOgGM5Mpe
1496,oaettzU5Q7vA
1497,yvdXK14xpFBX
1498,XKzP0uwKN9qG
1499,NiameBqhcvbV
1500,hjPJ9Nlp2ROb
1501,C59uNU6cbZMl
1502,56J64WJ6zDFV
1503,SsdOlv9gXscn
1504,Siz11Zi5Arhd
1505,ewoTkLs2A5Xl
1506,zghOliYql4tt
1507,U1rJeZ1O7c6z
1508,ffcpKCmlakYR
1509,q6towFHnI9Ct
1510,CBjT8iC6f25R
1511,7jTdhAOGKRHC
1512,2Qwa5fiF6LRm
1513,as2Z64DMHaB2
1514,ha3GV2BHg2pi
1515,2XrB8RcEbPs8
1516,tnG7oBCh5mJv
1517,iav1ibb0zIH7
1518,h7iLhszkbsLf
1519,Nfbpm7ZNo1Y9
1520,UByNQymb0mL6
1521,OEY7hO9DsLHD
1522,nzW8SWzinpVS
1523,QSS7QwwPooZU
1524,uoyfoCW9LNmM
1525,899VvVuLO3oC
1526,M0C5KmuqbXr6
1527,as1bCXko5S82
1528,xoE617GJ2Nsw
1529,RpmTPfG9adbx
1530,Uh9OrlTYGpDy
1531,LLDHcD8peJAj
1532,bzQ70cs9SltT
1533,HKbeZJVWrK9g
1534,fQrYB32ndWqv
1535,C0iuzL8xf1QW
1536,8X9XEZy5wx73
1537,3nOxkvhcDVVm
1538,xNcXuhGsQ0gm
1539,mkXsa3iIwbLL
1540,27hkNKJeRpJo
1541,HazU2uIhAkzQ
1542,eEXDxCq1tMXN
1543,fUhkhaWUQ7Ua
1544,PAq5mv0EYtuM
1545,NHEn2KTJ1A96
1546,P2j1m760yEjw
1547,awAOhcWLaMzg
1548,ffYXbhk565Cn
1549,207jeaJtnMpD
1550,tiHcI9dQ2Giz
1551,BnOgoLl8g1AS
1552,JJsoA2q9DJAt
1553,2hvQ44iyXTET
1554,1aNhTMEgwxlC
1555,C3pAz86rA6FF
1556,sV5b8qGsmXJD
1557,HvEQyoZ52N9B
1558,C99efUb5Ft5H
1559,ZT7m9aR5xwJ8
1560,I3sG0vhM3xkM
1561,c9hodURJINu2
1562,IgLBqpex1TKP
1563,YMhaD47VnDH6
1564,RZ1RDLFiQdse
1565,mfvnW4Ors3rl
1566,Z7b1dpuquV7I
1567,VIVJNgjyiZ49
1568,5dL0r3w0RVxo
1569,FIiM9o2v2Q3w
1570,DrorJdMMTtek
1571,WtUDeojUtvRq
1572,HRUZ4XDmPD8H
1573,2Nfzh7dnKzVk
1574,HME2I3LVqz41
1575,A8rtL1HdJhZG
1576,ev0YyI3UyWxM
1577,wFphIvo69bY2
1578,uNQqEwtT9dO2
1579,x0hNEahjrRfX
1580,9K2oiBv3P90r
1581,cREimjUjEYqY
1582,7LOBGflVAImR
1583,goa2LtBH5RTF
1584,uSfRX80TYGmB
1585,eHAv6t6vmGs1
1586,Mb5E8VfyqqaX
1587,NdbDg9cBcckT
1588,b9v169pwcDlJ
1589,R8FK3XYo5t6J
1590,Rm2QDRgsx8xu
1591,YwhLw4r29DRP
1592,NB4eiD60jFmF
1593,rBMKRpTEqFOs
1594,L5XLExTeLwaX
1595,fACPeLst7juv
1596,QClQfYXMCZUz
1597,Ec5C7PDCKNJW
1598,jlOA7RoPuBG3
1599,2qpMTnM3e9Tl
1600,2DOuTJ4UGcbr
1601,RQXwfzDbZzb9
1602,vlFfBxcYmYl2
1603,VUNrg0i3iRz5
1604,93wyiaKhpfea
1605,Y3zSdb9D092n
1606,BJ0nt6N5YkWB
1607,8VwQoiK8xfD1
1608,uJoqZf9o6NBU
1609,MCeh7NDb5dFq
1610,TdLzIyL7zte4
1611,aCkoS35hBh2E
1612,7hVyqU2qXf1W
1613,cWS5CcIG1USi
1614,E16q3oS4fQ7n
1615,rL919OzpMOFz
1616,RQ7h9Exa2jIZ
1617,zDqCZ1kRsPuU
1618,GRr9UWjd8GqI
1619,oh7eNRWWo2b3
1620,CmhOVVpg8oFw
1621,z3s4XoJvuBrS
1622,j11VuuIoGRiw
1623,uMDuVN4Whu8A
1624,mwv47wZdjVIQ
1625,ul9shXxmZJHs
1626,IVBSyURw1YOE
1627,jmLlhjP24Vq9
1628,mIvpsq2R8bqw
1629,TB3jaKAVeYqk
1630,cW4IDLJ6T6rJ
1631,xappx2xD9UGl
1632,7S4HUla24IxZ
1633,zBpX86ajLPjt
1634,9rlOFr9WhHUg
1635,MdCx3piOHrXC
1636,Z5HQL0BfDZLS
1637,XeRaPnGDqYI6
1638,WDjwqve8Lomh
1639,kdMMg95cNOlN
1640,eZUYUICvfsZr
1641,JMVkxSZikif0
1642,u16aHWnlOgSr
1643,W6l6AlIs8Onb
1644,3atngYtnD63I
1645,DMmSzQ3Hce8C
1646,czWX0h07nd3b
1647,XS203dMnUGve
1648,oKlOO93NZtmh
1649,ECKWlXPgaH2X
1650,EDrvVlsXeQXN
1651,rdfvS5xf79VW
1652,3HivZTmrYO1s
1653,is83kpDB58X2
1654,HdgtKqGykNKg
1655,7lpiQI1bUt0j
1656,mmTrxJTD7fuE
1657,fSXM9AM8xCdj
1658,UfDiHz7pzpPE
1659,J2Ah1QPJqDdp
1660,vVzJA65stBcT
1661,PMnzafkmthoA
1662,sWQKZjl07XOV
1663,G9zxAg8LFqlN
1664,hPJojB7TjQxU
1665,akSSwZABCEsd
1666,cvLT4eWSB01K
1667,ZspiyOS7Rb1g
1668,wW9CTJfeqNyy
1669,gwyUbzjcVZYW
1670,nw8bdE7XRn0M
1671,z7GmPb975kwC
1672,lBQodyDYaq8B
1673,4a9KIwSOsGRJ
1674,zCpj6gYMFFFy
1675,7nyUxnYfUK74
1676,wZdnQcnWk8eZ
1677,2LeSPUgZD1VH
1678,JxCf9ZvOlFrS
1679,5xOHqSopZesP
1680,hCr8LQdkz27d
1681,EuuQpBLbhd4A
1682,gMPA4klA1vgw
1683,XkxOFDvEg8oW
1684,KKAooFJNhQYU
1685,j83VIgthQkgl
1686,slObOSR7RqDQ
1687,1SRCfDzSxISx
1688,9pqnmKuiFH73
1689,rhVXUtFu3yEv
1690,pzIB7DPSD9B8
1691,P8Bya4DFXdpO
1692,6IllwpRfjvJ9
1693,B0fNI04IIP47
1694,E7VlxGyRFN65
1695,eDSz0wF1QG1K
1696,4G6GGA3vWQO1
1697,uZO7N0zcq019
1698,EYRebV6ma4u4
1699,43qlwVGFaiPT
1700,YTQtg9d4DExN
1701,qhAiZO1ycL00
1702,Lc6VD99SxWh5
1703,o2IyHeFqrJCC
1704,XMaUQ2pUoX6d
1705,Gg6OJps2ey3Y
1706,wOOXorVdNyWk
1707,iZ3M73EzlvAT
1708,qrKgSxZ79Y5l
1709,Ay5W8WSgo5U8
1710,7F5E7xhwN6gG
1711,MwwwTn3RFFX1
1712,hVOOUMlISsNA
1713,IfsNTW9JuqXY
1714,B3D2ycsnMc6m
1715,S8X1yi2wbu8t
1716,IjaHnaNLk2B7
1717,MLjo9CmSoMIJ
1718,8ns9d17o3z5Z
1719,osytMEDnteo8
1720,yA7Ci0okE5o0
1721,8N2UAh7WC6rY
1722,CXH8nj87L5BC
1723,lUtWVLaal0SG
1724,daaMCgMDazMy
1725,vAaYT2asXF9n
1726,qe9CsWDo9aYo
1727,WpjDOE22bqAl
1728,bWI4z6Fg5GFj
1729,HfrfNKgkPaRO
1730,PSqbSJDR4ss9
1731,ySeF7W4T4zAr
1732,pdhxCIhhHtQP
1733,NWM24PjqbmeQ
1734,8o5O1qdv9nOi
1735,UeAOcx7IUhTj
1736,W5l6n1mD6DJG
1737,NR4Se963kdlm
1738,q8Wp9Zc4YQkE
1739,z9AzRfJUMhtv
1740,f386t5LWYZdo
1741,wfcdGqKl1Tg8
1742,rEQ4nplR4ypN
1743,UaCfbV7MjKZu
1744,Orcrzy4cQTvS
1745,smJNXHMCVpkP
1746,BzJzO2EkdqAD
1747,RGeOls104akj
1748,B43nzpd3sW5N
1749,S4DzATknf8YM
1750,BX2YNV33ssjS
1751,QkgrVa72C9ro
1752,8VsTftHIw7N9
1753,TQh7fVskBeAo
1754,hshW7CFf0XmK
1755,kFQ3oisEsPYJ
1756,dXSGVB43dnuh
1757,Ii6vSy4sdatE
1758,4q0ejCJWrPSN
1759,AqioENAGyNsc
1760,rGjJywJvk9xd
1761,w3KtGc5jrJvC
1762,5EuKKuZMMqir
1763,BFFgZsjE5dom
1764,FUAKsznGhbt7
1765,Am3aXR5T30v0
1766,eYxAjsrQAoiZ
1767,4aP2ZZJMYoIe
1768,dP6kLO7dYAtG
1769,qn1yvTkHU9DN
1770,220naGmOa6Qb
1771,2STDYqiV3STN
1772,hIdrSGAkEZGn
1773,f4PdYuLxDGoq
1774,0Yl4n7ohyQwz
1775,5fcRJFn98Ixx
1776,UY4CjxBdMCVW
1777,hpu1pJHaVZEk
1778,A0ti1Bis3N2Y
1779,RJBYrPJX5Qpk
1780,ZNYhDyeyE26h
1781,QEcRBDFv3hmn
1782,XvDN0eN0H2nM
1783,a06bC927gZlD
1784,JaW5CkqgEufN
1785,9tlHtN4rlVSC
1786,JoznI94h5RFo
1787,46u1RCQMlgf5
1788,YFFFNeor6w9Q
1789,Q9UJCMzpbJOq
1790,RDTCe0nhfOZu
1791,cUrkyOOpnxYp
1792,NCXkiZJKMmL0
1793,z0m2QFZJgmA4
1794,xkqFKIqjGFsJ
1795,UHOv7zEQYIMT
1796,OniX8mLdJnNi
1797,p6yXmmTi9zer
1798,Mn5IfZsBcmJ1
1799,OFGkHZdvi3bM
1800,hmsxsein3jmJ
1801,ZfmlnblXpjqI
1802,ROW048zv6pth
1803,F4gcyXBa8m1C
1804,uZRhhwL7ZxJo
1805,TR8T525CdJNW
1806,w3rIJCWF9ZhF
1807,bxAz6i0xCmKB
1808,zxYx9dLg6JyS
1809,UMBiD1I8ewdP
1810,v49nmllQa0nf
1811,ZSJ6ZBHTDcbx
1812,ucP5zLbP0IGk
1813,gaPXrFygEMqf
1814,1ZopVGgjNEZk
1815,Ytwo8rS5ngi5
1816,eiAkee6KQ6dQ
1817,xHt4p8FcJ9a3
1818,W91mXh6pPT04
1819,s8S08t3GxmOZ
1820,uaein0upsBwr
1821,UJuVsWiaHIsr
1822,kG9OsOIEobcw
1823,gNQGCGyipOg6
1824,MizJzwsCpqDr
1825,vbKoKUXspJ4F
1826,LRnkOH7UbW7f
1827,HnAxjOjgmUZw
1828,4aLODRnQG9FK
1829,UFSSi5XM6yfR
1830,S0jt14A77uTi
1831,1jF3Mn8CuruU
1832,0xy3Yw711uSp
1833,8c2fVDyMOGPs
1834,mpKhhtGR83o2
1835,95BmwTHWNRNO
1836,KmN9rCuiGzii
1837,tfOECxfK87uG
1838,ACbSb1NuRipH
1839,I0h601YJ5Qnm
1840,jUfk7PcmWnoq
1841,QvSQdqx4RPqh
1842,sgYgZfq4IvzU
1843,eNtR1k2ockkz
1844,MX0C8QXdkGdc
1845,94Js9cIR46VX
1846,mLr7jwgWwaVl
1847,F5sqT33gL7BF
1848,nO1qJBgs4YAe
1849,uCs2cmYWKnvo
1850,1Yh8vxW7jIdT
1851,a0aaNf3fyyYc
1852,lqZ1Ao9n2OMi
1853,kzRQxLIxbXY1
1854,k9T3UxayD25x
1855,yA2Ti60HFMnB
1856,mhm96aNaLtQ5
1857,31QZNSeGzr2x
1858,DYEfUzVHewRe
1859,2XmVBqCRwgmB
1860,9v0ZcRg0lXwB
1861,Ng5IYegPrKY8
1862,6zkZ51JgoTNn
1863,4mSIgbPcja0z
1864,gmCT6er2I895
1865,h8nX955XhyWT
1866,909XXwtWz1fQ
1867,JVDXNTU4d6jQ
1868,fCBvJslNUUjz
1869,4ipkXuluWFc5
1870,Mk0uoz3Po7VO
1871,ZTIIeP1zQWCX
1872,vuQUFNxsO3yf
1873,Zc2qKFb9q0mK
1874,mqxxlfChdhLM
1875,OvgneWK7s90h
1876,qBY32MT8Moil
1877,205chuT865Ip
1878,lDI7fwbgxoVr
1879,jdyauylmdg0Y
1880,k4MPDn9iu8mW
1881,KZhlUAb70DjH
1882,Qlf4QYLmfqZI
1883,gptWBCX5JDbU
1884,IM2Db0r5AcbS
1885,OSEnXQWBYLcf
1886,tbbNKpLfMOtZ
1887,W1hCDGIUTgC3
1888,uZKgWpFLscCT
1889,I5nD7iE1GH8m
1890,o311y0iuWLmc
1891,LxU1xPXRG61u
1892,z0zflGn78leH
1893,nYpbaKESRhQL
1894,4Q0mF4rfWejn
1895,XA8wSJ3N9Y4j
1896,nsSfUkbbJ4Vo
1897,Ot18T7c5GmNI
1898,ym1kdV1zCJRe
1899,dkdVtjawVM8K
1900,nmmzBEkwpeGK
1901,bu5O5APme5MO
1902,VzWHouGjhiVx
1903,ry4iEOqccGU8
1904,4CtiHinWEtoI
1905,jwfoEbEGcmkV
1906,oCQwRzP0C4o0
1907,DucQWsTAlaH5
1908,Lf2YolfrELAK
1909,EBlFYdgjXbYA
1910,mfgpEwTEG2vT
1911,LAIDV23mw3l6
1912,H6JY7aWfi5t6
1913,BP9pChNuMXoI
1914,ASAsnh5yn8eK
1915,cHM4taJLkAEC
1916,ImPoULU6EEeS
1917,GDPjVFOabcPE
1918,lAJFwfkkXauK
1919,9otpFla8YNVB
1920,faImPvzDoVRy
1921,HuG7qGHE5diQ
1922,MOaSQ0IzFQff
1923,jZ5MXBP0iHRt
1924,nUCXHf18MuU6
1925,VTJq2yBLsB02
1926,TfuTYNhLJUJo
1927,AwTW4Ekf581m
1928,ftvdvWlbhb7Q
1929,s7YKy1GE7S6a
1930,RpDLpjZPqoUY
1931,4DG1ocH744ZW
1932,0ss1kWgO1k16
1933,dUzjOCjZEGQF
1934,gQPcg1K5Ak1s
1935,i0grbAkf7V6I
1936,bJJVukHsBDof
1937,yCX7crOg1llv
1938,qMKsnl7jfGal
1939,XgsS6Y7GHZn8
1940,vSlhTqB9GmTb
1941,i0eVJJ1gYwvV
1942,zBhZnj7yuEg9
1943,yLDtCUVMKZM7
1944,Nrec7mv1XNnq
1945,1MiREPBHGSHc
1946,IsUjfosW4LeF
1947,XJMx0hlGnXuB
1948,I8aXAGoKiPuS
1949,So145UgipOEr
1950,jAqpJTgD2b61
1951,YOXEn6mZijG0
1952,7eMb5KPG3i85
1953,uhBLnvqP0csJ
1954,WIbAW5YIeieo
1955,6k4AxNzdw7O4
1956,MFEa3GKfmyRA
1957,ZfY5aCuZM9wn
1958,q5XGdGqqHApV
1959,GejbdwaHUk5T
1960,Dcv2tKGUuZBN
1961,JbGiusiMyi3N
1962,4SielxmAIDKv
1963,Q75ughGxLetf
1964,7RMlSMywBckg
1965,gWffvStVaIRN
1966,UWEftzQGJH1K
1967,QPEbB5MVZVyG
1968,PSHiRX0ENZW2
1969,ZiosCQzNWfIr
1970,ZNrgrC07c5YE
1971,n7zbIR5cJIyd
1972,wAtCMQmMhHWl
1973,qKYvdXpAMiN2
1974,swkXr5cXte5D
1975,w7c0BedaDv79
1976,UVzZOMQdXAUS
1977,sHzy1Dd4u6RE
1978,BkLmmTum9h3V
1979,lFKdvUNoHtpy
1980,reU0DXC9KyFn
1981,O2NxJNYmWaYj
1982,wq54Umx6E8pM
1983,jQoSbVypACpT
1984,vLieAf62EqVx
1985,NJ6mXfmzBQsw
1986,Q6MmhZysXf0M
1987,Vdn3Wp8ncdTh
1988,bgqe1OtGeU5r
1989,kzQ3nlWmEpto
1990,sHvFAkp8BUzB
1991,HCpVTkamupq3
1992,D0ztcO035pH6
1993,ipXMFZOj8i8n
1994,Qf8GHAi0vgHu
1995,FcJXXBrZWBeu
1996,r2Oqo2ONz7CR
1997,TVpj5sSGpez8
1998,n5Q5zRtONUWZ
1999,RK3czJKveSs8
2000,PQOsTiQCsG6I
2001,Tsi1JsE4pReY
2002,Pr95izpthDyk
2003,p1QQHlieCVX1
2004,zUfH9RtDA92H
2005,jpZqmAcWDm0i
2006,YQGWXVWKWeYy
2007,dBk6Pc2PDFWc
2008,tFeRWzmrcVfr
2009,gCvo9vqHkTt3
2010,rDPrVW7zH1Ix
2011,RZNxWZREPCIt
2012,d4k6IlhmWWt9
2013,Vu9v9CGVr9H2
2014,3gCFVmlfgtpo
2015,1uDdxoA6bPAw
2016,a6Xz8W1cehqf
2017,ELCNsOmAaTqn
2018,LXK48nmebwc8
2019,dHDL7rjnqNgC
2020,Qy2KVO9RyiSt
2021,p57G0NauuCVm
2022,Qucaadhf0FC4
2023,rkptXjO7PHla
2024,KmhkGGpCWUAZ
2025,uAYLT1J4auCi
2026,rXLLVteJhDrA
2027,FYDRVEcz5Z13
2028,d3yZsIahddeS
2029,3lclgD5xebwf
2030,p62BmKmeOHCd
2031,HdhgC9iUQRbl
2032,kcga4CCw02n1
2033,O4fTj505kOeg
2034,lPI66nVFiau4
2035,EormBeVTUrlb
2036,IMNK04Ivsw03
2037,l64tFjX10pxV
2038,jzq79wRy3QGC
2039,TcZYwLQv7ZnF
2040,sE7oSAeyiZae
2041,4Ma5jHXhVEFI
2042,UYyqcBJV1Jhh
2043,szh6dwOmy31u
2044,AC9o7ONEL6kb
2045,FZrTEb8MlFK8
2046,aPCSqNj1umxA
2047,IsDAY711N5tC
2048,AZ2HHUDzSYZD
2049,aCK7rYVFMiFy
2050,jfKUnPTxoheI
2051,8i5ewtzpelPn
2052,AR3t44fwXc3Q
2053,kLWgVlSdM01P
2054,suz1x6kMv68Y
2055,PAzWbQCWj7pg
2056,tHvFeVBUtbmf
2057,GeLTuZCl5wjC
2058,ejx3s5glZicQ
2059,YaTuvmTiSXwF
2060,C5L036C4zdbu
2061,wv8cc4mgu2T6
2062,2T2cca4l6GCi
2063,W3Q4q6XhjVhZ
2064,Hh7WXevcq8Ms
2065,zWK2bfjnUO6p
2066,6J6STVl2nRbP
2067,lUWSRkrufpq3
2068,wDN9UGanv9QL
2069,NX8hjTZxLbZb
2070,raz4wUwjIGFC
2071,czj3VxZHweGE
2072,ed37oqZpbp6E
2073,BTmDiZCDGgd4
2074,ox0t0UX86FmP
2075,x9nLSmaSpm2d
2076,9DVotG9Y0jdx
2077,cNvaxFuqdWXH
2078,5Dmlvh5TTdA9
2079,5N96QVLKr57j
2080,GbFASHbM1IsF
2081,K8up7H2xis8C
2082,kinHj9ckanZA
2083,XWzvO4x5AmNk
2084,1OVqDO8O5iRs
2085,HB3PW3XS7lda
2086,zv9JoppchJwa
2087,Go7so1Kp5CWR
2088,KO3OH8fgR5C7
2089,MqcSIbp4enT4
2090,x2GH7c7P45Rc
2091,GRlryJ9VOra5
2092,ICSlJW1FJdOA
2093,1pMGFg1UWQKa
2094,maLbqHUpQQqp
2095,bA6oNIwL1eDf
2096,oVTal5od9GFX
2097,bIacxz15yPIp
2098,Dj3b8VHypehs
2099,JZbRf46zNhxu
2100,UPvMbr847Hem
2101,KezKOdU5yhpu
2102,QAWBhdtnzUi3
2103,m4wRPhMAPbfC
2104,1l1KeJlGin2H
2105,DnIZlspwSzWK
2106,JE1gOaAolLMI
2107,5r5zayoKTg0L
2108,N39OWVhlAChw
2109,7uee94a8X1pF
2110,uhDAv7MzGKrH
2111,MmU9DcDDKFLe
2112,fv4mJmsq9K4Y
2113,DSZWwKjIn5Mj
2114,0gMSj8mzjiiP
2115,t0ox7pmkcoC1
2116,fLmrdRBemflZ
2117,JoaJhSdL6NRf
2118,1w9VjdhE6XhD
2119,CDRoxFfKRVcQ
2120,0SWEqrWGoqao
2121,GoH1WcG9Rdla
2122,2Go2VXPhT0QV
2123,s9jyOaHU0ZzJ
2124,jSjalXmBH4An
2125,4JCUy60cJdXu
2126,2WD0SkrlJ0Jn
2127,BzekQyXQNOSi
2128,QTxWzafILYsv
2129,COfnJSqpPIK3
2130,slnxSFdvf22K
2131,U4fdgy4Z4HDd
2132,Lje2OkKQ9CQG
2133,cOUNZBfF2Wvv
2134,40SCQlM65pvG
2135,STcmpYj08xIf
2136,xLAYxSLSHnHM
2137,TNjlP1SGSKxy
2138,GB0LYt4avRKK
2139,AGJcRkdmbZOO
2140,apPasMp3SCH8
2141,0oUc8ijzUOf2
2142,I9EPJjJEnPfZ
2143,7fXZkH2XGlM3
2144,BywHp8sayW2x
2145,Mc93wc4xWepV
2146,9EObGRTU3iyW
2147,9vyKciwetVAr
2148,hu4HSSLumJZU
2149,A4wd3V6KTWrl
2150,mUfoVPGDvPZD
2151,TTBplZxgmkN3
2152,02Q078g9bQ9b
2153,XWwEVJHiIquO
2154,RzdEeetJEed9
2155,2ERntcDSlj9O
2156,Gc00FGrdd0Tu
2157,Rt6ir2WhKg54
2158,eBMiWSZiDgJ0
2159,H1Irb11tYjvA
2160,K0hRhpujgAJL
2161,c75TEG7aQleI
2162,OMdI59CyjJgo
2163,B6HjwNdjfSdd
2164,CfBK8IYx6RBL
2165,l37C7ZS9DTHt
2166,TIi7tTjXuJVe
2167,6PXCsqqmBrw6
2168,hEMMxXxhJ5Q7
2169,guUgzhjFn0Ls
2170,3Iupq3x5RoJ6
2171,rCtlheBHwAOL
2172,dXtsCciYXQgs
2173,XLwokv3dEb3E
2174,F0C9PWUXR0P4
2175,ROjbXRXPl4NQ
2176,obe5M5219T0B
2177,8VMwdeGI7l9n
2178,7FOfmv4fIXBF
2179,jQmn6x7e73d6
2180,cY1ZbSfrfVdi
2181,RZk7eVwP7QaB
2182,TNTpTQISBJ21
2183,Rri2xaCKEK1f
2184,2yQJqMexFWkQ
2185,z1QRE3GJlm2g
2186,29it6XcZx62t
2187,A1QDcuG9J7FZ
2188,OGSRA5PnSMGG
2189,mXxnLtKDLCdK
2190,8T99mGz6ohZo
2191,g1u42N3YB7rC
2192,WbH9DfLIE42P
2193,5y0pnY5ZvVDj
2194,izOiCCFDKvbc
2195,WZeb5htlCLjb
2196,3iIyzNXTIgRc
2197,cqZqQXDBL0kA
2198,A1E741ayUbiz
2199,F64mskji9zha
2200,UYiV0iQSAKck
2201,e0tp9nb3KDWm
2202,NtGQDhAcd0CC
2203,3UKDIEk9sgg1
2204,1fdfwk8MfH6F
2205,2i5a45SeVaxn
2206,EOyc1LLTJTfU
2207,kEQZzAxGV9hv
2208,lwZ517osi6Rf
2209,q40RI8BAmo7I
2210,h4UrprfTS9t9
2211,YrYEIB06VDYx
2212,C8jtHGE73Ue0
2213,vbveQO3JrGNd
2214,0ZPFe4OiK1wG
2215,ggHxLOOvQwoY
2216,5j924Ls4T6Fe
2217,FXzmLlbo1mRP
2218,rCSqWvj35teJ
2219,Jm5OC6kboHwP
2220,ZRbDneHtLeom
2221,8SomiygqzrWt
2222,y2jFBTLcjpcv
2223,ZPGTRI8Ke0ZF
2224,IsoioZSe4INd
2225,qorreRCLzVv9
2226,XexN3VOAoLug
2227,TEHXBkNW3Lna
2228,oikRjsh0x3sh
2229,2IM9O5kgeF6X
2230,57ZtJeqnveve
2231,lUCxU6tCpUpI
2232,zzeafsqsjnbr
2233,SYMlpXDrxoGl
2234,nnPAd9WRgHUf
2235,TA3LbNm9x4fW
2236,4Yf22axfD6ju
2237,JQ87nbAFiArN
2238,m8s426CLzbqn
2239,QQUzH4nFoQ5Z
2240,H4QILud2CL6b
2241,AjqMinpCKtKS
2242,IbfMob2SrMfz
2243,OmzrkXxwpoNz
2244,YRalioOHHjWo
2245,Lgn3EOSriwKJ
2246,FTPa8SUu2iXq
2247,3GEk5l7CA23N
2248,vAekr6UVblJ6
2249,czWBfKi9fpqe
2250,ZOwNvh9m27hf
2251,FHwJYD9nuV6M
2252,oWN7HPOcem9Z
2253,jwtLVJM6n7DD
2254,Oi4s4WbcVhDn
2255,IlKsaI8k0D1b
2256,GWO2hNAacHUp
2257,CoOTUX0EUUHW
2258,adqCbzw30A1P
2259,Jib8Nc0L2s8H
2260,JhG7HO61mM25
2261,aih0DZj7hChG
2262,Yqw9FGNklsTv
2263,JrRZ5V94fjdi
2264,niNTh3TGp5Av
2265,n0XKbnDV9OWn
2266,Nb6muXFC4tcL
2267,ErVjvD316OOW
2268,OJmGuvxvzejs
2269,cCuqJxKXhvX5
2270,g4PKsJTK5pJN
2271,t1IWUlcrBHTh
2272,QmUG7OhbQvuM
2273,WYuZn8ZqxsGA
2274,OdXIdESEcqRN
2275,IoLkohtMuu5b
2276,3YYzjMMzpJrl
2277,RCL0nntM41Yg
2278,puhodZvqnV9l
2279,cxu03rvRyyvb
2280,T1C8cocoxUgq
2281,L2rlxF5E2GCu
2282,cD4jb3Gg4XV3
2283,vBCFMDHfQNew
2284,QTN0rfvfFJhF
2285,BGnWT2KFtGYP
2286,lyJXDBm0x6ql
2287,0ol1vST7xtp6
2288,iTNYpeiH4IgA
2289,hi6hn4Jj4Z5N
2290,A0E4Hr6I11Nx
2291,6uhGDzguja5O
2292,7BGMZuWt0dcu
2293,GbUo7VkVUxfw
2294,NeodnK4WjWm2
2295,2ULeGYvQC3M8
2296,FXpJSAJlAhco
2297,IkeMv5fW54TH
2298,IzJ4KvwCjoNv
2299,YvfjSrlcxrzm
2300,bFvhRTlAuGVY
2301,7Um7aCK4J5YB
2302,jiK92RJBSApu
2303,vGXjtayYqnHZ
2304,fWk2OurQcqeZ
2305,vyYIAe7bfUSm
2306,niiDBLC19VWq
2307,kLt9O5m6zacb
2308,nO90W4rOnhzj
2309,wztKYLrsdyPb
2310,Qr6TU3fFrsnT
2311,RRghjpxgHrQf
2312,3hpWVkEMlgWX
2313,p8bZ3tkZDYTP
2314,2P6xexlJjQsY
2315,pNqFyxw0b4Ll
2316,GLulsk56XaH6
2317,7dbr2Uh1DFOt
2318,N2lURoK5b4rV
2319,xsDr5Vkhueod
2320,1AcS51s2NMaJ
2321,OnG6ipd80ZG3
2322,CJVzUR3yinvm
2323,TUj2R6SQv1Qg
2324,IpnspKamXe9O
2325,XBmE55ARjoLZ
2326,pJ0QvCwtqO7r
2327,o7VyjUBitU1T
2328,oYDJlItObS1I
2329,NAmOof30dVxK
2330,lUKCVbwN4utk
2331,0HWKeMiP3oLG
2332,9kI8pG5hA1IT
2333,ih3okQjfW9Nm
2334,Y1eaciPwWm2v
2335,6ixSiyJVK1M5
2336,CqKiaIoEFYEo
2337,KIZ7c7huE6Y2
2338,aEBzVS3K5KwE
2339,HCeySljDz0q9
2340,SvpbrrEMOHgi
2341,3Ez3Scfw3nqI
2342,1xhzUZu3ogCv
2343,i6Fox7OxhAWa
2344,9kbyWq426JCW
2345,TcyBRMKoAmWE
2346,fxp8qhG5Kxf9
2347,kA3BKOqLz9YL
2348,3aoiQygEjfq9
2349,VZT63yAo0xdw
2350,U8ngwG3eSlDX
2351,PBL3MngeE0pg
2352,N0JN1lJ3sPcV
2353,sgjigbPOb5x3
2354,pJRSLJsTRS2K
2355,XI4L51gi6lpN
2356,wMXkWU7mpBjA
2357,Hs1ukwgCInUb
2358,y1vvnnWF5hAN
2359,vTRvHW5xs0ui
2360,vcd6RI6ULw6d
2361,29UklOisw0gc
2362,1ZNPuxDn1rzy
2363,tqrVWMT7ob6S
2364,VNbQJOE6j5BH
2365,UfP8uumv152n
2366,WbSPt72rvpBf
2367,hrq6mgriK0B5
2368,xqyRxMJhAnjy
2369,CUOIBLgBvIeP
2370,AhQgWksswYLx
2371,C42H3PGZnU0j
2372,5tWw8kRMborg
2373,RXWslaV7VPqb
2374,lKFMq4pPxBLs
2375,4BxGZbO8eADg
2376,1URd4tiFA9MV
2377,iKShGWg64zyZ
2378,8HNhz0VtOWcu
2379,bSgfqSV1eADe
2380,0EtDhD9Ouxbs
2381,LjjTOvaEPNjZ
2382,vTEGahBy7F7J
2383,a5qwjqQ0TATx
2384,vwpdXnwW8zHS
2385,nWMW6UOO4d1n
2386,QOhkoxRlKF0z
2387,dnP4usIABaWe
2388,fJkILRTJItuI
2389,B5QsuW3tAf0o
2390,WV6hNPxjRxbR
2391,D8kyAMSmO5s0
2392,4SEFLjpFZ4Cb
2393,jevCxSApGdTo
2394,8ocsKTUtSIrx
2395,8dULmKQvLfJR
2396,cnAvjz6K2nmy
2397,KKuDyfsHKcsl
2398,Q2aMjuw2lv7M
2399,vdjCFabu8N6f
2400,w1udlQTzeOeH
2401,KHo8Mlh5o9g3
2402,OJGoVrBBLwZY
2403,2LOpjkZsLHyS
2404,XcWvwELefC5V
2405,Nxt2rJTqvKhn
2406,ZxwVjYRNayck
2407,ORuTDkYxxXKe
2408,5VCXBX0mE6ru
2409,g9OfwFP3DA9j
2410,SV60WjiVZa3J
2411,WbvDsaG6gZNd
2412,ZDYwpB9hXPip
2413,DfAmShE8qziL
2414,51YmnDj2QY8T
2415,th0HmY0f13gd
2416,nksBjCjj3J2A
2417,IwzuyMOrKCLy
2418,Qi5IjaV2s4go
2419,3agz7DS9wuYI
2420,uHe5SVzScfXf
2421,KnKxmTOqhpNr
2422,3ZqwMVwq2Vlz
2423,rS8QGNUnh6sV
2424,9dziXBnP7OxK
2425,JslwkYv8AI1C
2426,fAz5cOzbhu1V
2427,Rh4z6YncoGIv
2428,Ko7X4BxXH5Wn
2429,aiCVMXUMaLRg
2430,NXRfwWVQanPf
2431,egwWsp5AYdGm
2432,KR4RjZ9qU5Ys
2433,VEYc2rFfxD1b
2434,OnhnE2pEFMWC
2435,6Se9rMDLfCqX
2436,EGET9D9USnZn
2437,siWnMf66028F
2438,VxXJ9socsx7q
2439,HIOJV02Dtxjd
2440,IzA1XqBLUSju
2441,Grr8CmVW5syp
2442,x25o01ofbL4I
2443,Ai9IA4G0ysbc
2444,pOcPRLp95mWC
2445,5Tetb4tnYwWG
2446,l6ObIfQmzWp8
2447,F4ya8kVPAiIT
2448,0nozNzSvw9pm
2449,V67QtDPhs1Dc
2450,AMXALaX54aKc
2451,BPd32jthH7eb
2452,XU9MgyD93Zzp
2453,ur5AORC0BHn7
2454,yExog1BVW0pj
2455,mMyeOMLzOOAK
2456,5JzWMUjinvFG
2457,oxfSHMLqZcwb
2458,4pYsrqlaHxZm
2459,6IIcSBdOkW4T
2460,oUEQcVSpjpoF
2461,eD3RIrsmi0b5
2462,vKZaHg5aU3iq
2463,K7XbZX688xTx
2464,ZNLEL2HzqlGe
2465,gSQXhavCEMkD
2466,JQT2aDLdb4Ni
2467,7m3stMkCEXru
2468,FifDkSgi1aTi
2469,TyHLQa4mIj9v
2470,sPx9TSKqSb1k
2471,yNP7xFouepyq
2472,QM3mzxvBkGnI
2473,fiYJ9hpmkzAJ
2474,PIhFcOico0aN
2475,nV43Fw3f0THR
2476,mLHHr5EgWVEt
2477,sp1PUlMLT1ot
2478,OCp3XDFRZHiF
2479,FCWGT6x5raY1
2480,PiQEHMGZDEPN
2481,BtyM54Ek3Xwc
2482,oeGwOFTsm2Or
2483,VwaYOkTDdVRX
2484,akOBHs9aS3tO
2485,EupBSthUf5MI
2486,eSZ8MjeJedw8
2487,QtxMcznJWkEx
2488,hYrCpzFkX1aI
2489,Zzhf3ujhD9C9
2490,BecUXC1UkzHk
2491,EsU4px4NwEbY
2492,c8UdEBs6LeJL
2493,E82xpypR7UbA
2494,Bjg7429AEp5T
2495,YmgrgGvYdTet
2496,N5EzPHtA9bbK
2497,7k6YgIwofRvC
2498,pryHqzX68OXw
2499,LDsZk5NS8zyn
2500,4kCtxpIvxj9B
2501,HkbkHQW7N2gP
2502,E2eOTnCwwSAN
2503,mhbpUuaBTjTu
2504,ukcr4jLHg2Kn
2505,QtwCKFaZuysy
2506,t2r1DldE16X7
2507,4YGfrl9p0rPJ
2508,DX0QDbJM8fQZ
2509,1nwqqJDPRr01
2510,xWs4UXr1aH6f
2511,OyCzDpe5WVxb
2512,Q86nMiI9gFmG
2513,idLFQNsX6ruD
2514,xsRPgxXlBMXb
2515,QN51BVAI5Jwl
2516,z9yafzSkrN2R
2517,oJ1GPlqxWuiM
2518,AtdlfQ1rJgic
2519,FUS22reHxQfS
2520,6oUPIn4NB5d6
2521,2qrV8q1qLXDw
2522,KJ3c3nbV6ciy
2523,xNxQla4kdVuX
2524,zSX5KX1Xe36O
2525,fHwFYsLUrVEV
2526,M6CgKFr202RW
2527,Y0cjHcEpFckx
2528,fhYYCOGKCG3H
2529,5liJX0KJe956
2530,m3OpHdNDkBav
2531,V3ipHLCKSEoc
2532,4fgdW6Inktww
2533,1AnNmj8LhRC5
2534,OMwFZdxsfph5
2535,uoVCVp6zj6UI
2536,VEgTbEGdmPjI
2537,F3qtCp64W5XD
2538,7YTHzSgLtcmE
2539,KqVwpKJ07lC2
2540,lqI59GMaswbS
2541,FyWqlot4L1Z2
2542,0b0r4jYjyOvW
2543,D4DdcQKQQT5j
2544,mJ5fP0FRGjxq
2545,umss8hVu90fv
2546,eTKEnuvCUNod
2547,hlmj4JRzahw4
2548,Kl2Byus4PNVz
2549,0SliO8h8FeJ2
2550,yZssNAiuUagc
2551,5haP644gdM71
2552,oAqIJFLN0fvb
2553,W0IPHZxeAnZ8
2554,WBaTJPSVWxFW
2555,Q6aaIa8bbVgD
2556,H1G2thmp7DCB
2557,HWXlp8sBTvWK
2558,qx6Vfny5KRuZ
2559,LAHvWvzlPe12
2560,LMw59nCc6ezZ
2561,uve34PkYrlQm
2562,HTs45wbyGmrL
2563,nFtQB2ey6wlA
2564,K4juc5THPJ5G
2565,YGr5mvnBwjxE
2566,icJESSDXTRwH
2567,pZZDxMjWaslg
2568,8ZQJKoYPwWjz
2569,Y9mVeO1X1kiD
2570,Legwa3GchoKy
2571,8k4cyoKFsFQB
2572,CJc3bv04qU6O
2573,lrZBykfcnE8q
2574,vcvS63LcAKuy
2575,VVAyIF40o3IM
2576,y3xbbo8DrVZe
2577,sQWhBtE9Sr1e
2578,OfKBHsgAE0t8
2579,jTAs0vU4MsHC
2580,4Uakh6gtN2aC
2581,fGSRwKqspUC9
2582,A9bnIitCQONk
2583,qQrrzrVppPJC
2584,usmTgMXM5nxt
2585,g5tjZk2vCxit
2586,EVe5s2pADI50
2587,PKN5ZXXHIuk4
2588,mctSf3rkCX2D
2589,GNKuE86JrEqX
2590,CsyT8w53krOB
2591,5ldIMsm0J5TF
2592,9xLft1foprM3
2593,2BYUX5eyHK07
2594,QnKKFaj9J9ID
2595,Y0VHi4X4851U
2596,LuOE7KvLpB6P
2597,ZSn7BSbe2Z5P
2598,k9kuj9CcGnP5
2599,s4sNlsFC4pxl
2600,lYhoFgzWKKiQ
2601,Z63PAuIqL2mQ
2602,r4ec2g38v3MO
2603,rZ5XvLBrC8xO
2604,XkaR9xu3r6Rw
2605,pSdl3nQCnDcY
2606,NsdYyUUSPwJ7
2607,LX7peUO4v83C
2608,GU51VVk4rIHF
2609,IsWV9puuozPa
2610,Y70xQoUWFRZs
2611,42iFGKfSj2E8
2612,WaLconbsYCKc
2613,5MinmAdJYPJP
2614,zZYioBIlpm2v
2615,dwHgG5RTQ48j
2616,GiDtsU8Pfobq
2617,FWQ0Y2hNwohL
2618,n9gb5nuYppjx
2619,FlXt3DyQ9iTA
2620,vcKqHbOX46e5
2621,T2SgJfUaCsl3
2622,k2pGvWgDzxOy
2623,UkyRLBW9RpJN
2624,MgIiP7pOgnt9
2625,r6du8QweCxd9
2626,L6a1i5CNv016
2627,8bwS5OJ7Urc0
2628,kOUUdnlttD0f
2629,inKu98r2GZst
2630,99Tyhe9pLDZ7
2631,tyxJXAWKgoCM
2632,1OLzKmrTj6zR
2633,4aQBsNKIE3qZ
2634,9PuF1X3UcXlE
2635,RvzihtGYBWSx
2636,SZgSgwNbC1Rt
2637,mh2hzyftu5wR
2638,C4l1k36c3lbT
2639,eu1hN5oBGaac
2640,vozRJVKD8ssh
2641,3Nf5e5h1lQea
2642,7BeXhu0SS7tt
2643,kPegXo8fYhCB
2644,E8HpbsgeGSyp
2645,gwUeTfMJxAad
2646,8LQjNoArxcki
2647,FBnGPdWhe5Rs
2648,GJg6Y8Q6tRcp
2649,qM90vpQdEQ6H
2650,kuhlkcT4r7U5
2651,g7BvOJH7pFzl
2652,MF3KsNvF7vls
2653,ltypSjUGuqDX
2654,sD0Gl5p2yBoD
2655,lNgqf9vxO8nB
2656,VRcVyi00qIAN
2657,xpdYlif66fsd
2658,Jop518ed886G
2659,pD1BM0pG1lAm
2660,rQnFHqKaWXqU
2661,FhYxh29lH1Z4
2662,BTky5EgSjVF6
2663,Oq6njDkqtpQw
2664,WxwNuKjY76kK
2665,puoSo0t3zEDo
2666,NhnipHLMFm1q
2667,N9MaDk7KbCOb
2668,0SqcgTd9ZZwd
2669,2HcR6Kf3Hocv
2670,tJJwZlEMHnmp
2671,FuDg7blgFGgY
2672,AZKvWnaWw1Jg
2673,dw2ZPAKdq3YM
2674,iCAntGZst0rH
2675,E2hvq2JGykJp
2676,FGVLhJaEYaYc
2677,XmkTcu9JNNh5
2678,9oqZUooTxRjA
2679,KdgM4o8J3vpe
2680,2RXue3pbecAZ
2681,oggUPF1lFOum
2682,WegCxNohMX2Q
2683,4nTsjfkKQhR1
2684,ynCFFTSBUsec
2685,heG97wHBZdTO
2686,nZsQfsi2R5Lk
2687,8lhgSMrGRYjT
2688,54l3vVXMsdn0
2689,kjy5Cg5dfIew
2690,eBXTskmRCf3M
2691,2WgwbxokcvPD
2692,IsMUuuOH1IIE
2693,BntuKH5sFXRz
2694,nsCBhIpv4NdB
2695,h5iTJYudoARx
2696,Cehxq2WOaLmf
2697,kNM3UzVTfycu
2698,fhpiz4jwEZfQ
2699,sceCUp7fz9eP
2700,TbpwbyuAK1n4
2701,vhYitWEqrK09
2702,BxvlyWkeCV14
2703,F2mCpzvOoeeW
2704,5wxp5uMJ2Nz9
2705,W2hmWXa6VHc0
2706,t5gtbep2HWLx
2707,ASoZd3d4lCgj
2708,flSYGM6JJdYM
2709,WhFIdvCF577E
2710,URBNiIIsYDWF
2711,9KbkU1QeG1dh
2712,p1bWpbht2x1E
2713,rB681aclb0nz
2714,lyfF2Hoo8aqe
2715,1qqg6KS70Oj1
2716,SfjW3saIrmZo
2717,XJ9m43Kfuy7n
2718,6DzAgA0JVfW2
2719,hXNuULWKIUob
2720,XWIbAJHIgAUC
2721,IsqSJdyHzxuE
2722,OpDV5BfWkZ7P
2723,L7r7bbWsd77Z
2724,LthDTCMw8kkQ
2725,LHrngOTtZ9VW
2726,bQzln0bdAvee
2727,FUS29lVxGVQW
2728,DAQfSZ9hr2PD
2729,I4sSEgWFHZZA
2730,0kSJjKfOaDAs
2731,RibyrYTmx3ib
2732,EgHn0PEXKjEJ
2733,gAQLtXgnJMft
2734,h7dArZB72dbt
2735,SSN25SYw0Umo
2736,HuoaM5V16ioX
2737,BBNQsnkTzhsi
2738,oTAw6M7tp8Wy
2739,x9AJSvHMFJD7
2740,1ABW8ZGE7c3Y
2741,gdt2xE7NR9Wr
2742,qDBdsXq7qr6X
2743,iBhjIpj9TKV7
2744,vyJyzxk1ZQSj
2745,KV34S315UsbT
2746,ZFQ6b45PblF2
2747,ncpT85IbfqxL
2748,lV0R4OUazOwH
2749,TgysRJwnkSkQ
2750,jrhfXSfqIwNW
2751,BRxnliC3PzCt
2752,xJtdn5LT7xuz
2753,raav1x7G8igr
2754,ck51TAvvEgYq
2755,ElTCbmCmmba2
2756,9afJCBSH3q1k
2757,sBZL80CadKtY
2758,sSsIKksOm4NQ
2759,cFqhZaXLj61r
2760,499djz7kEWXz
2761,aaJjagh4pn8k
2762,6r94wx0b4MnY
2763,vabujyDviliR
2764,HZot46K8wSSp
2765,H4ZTbPu7tGP5
2766,Dgm4KDXzHnG3
2767,Tik3fFylCdnd
2768,IS2jbJKa449c
2769,RFMp1r5K38aA
2770,Uj1WnO9BYw9O
2771,YdivkKD8S4kz
2772,RX6hpoHwjDUe
2773,Tz59ydym2x3Q
2774,0VObh6qhoVKf
2775,ifCpGD7hbLNH
2776,hBdt3xhPeTQb
2777,ChTX82fR1TWs
2778,Zug3hG5oeWiS
2779,rHFYo1X7xGBw
2780,4E2PNMnNJAWk
2781,sinw0cIjeCpe
2782,BhGQ5JsxQL1E
2783,CjLsQ2H8A9hX
2784,pt0JX8f9qPdt
2785,4BZR6iGrzAIJ
2786,uZeRni8NQZkb
2787,ZE11oev11Oxc
2788,Q76U6lxJKdfx
2789,6QhhwOD1P20f
2790,1YdlgPmI8Xu7
2791,KCwTqTq8gOHW
2792,DNZYszs1X4fT
2793,QOcFG8jHg4XV
2794,8JahjzD8UL3t
2795,7L79y0UBBArT
2796,3qrBAh2dT8uN
2797,tSzKGsu5UqVl
2798,dKDQjbw2WWso
2799,0ek2nW6kVklr
2800,UPuq6cqt3edl
2801,LyPkrG8axuLo
2802,Icc9FyXnAFZA
2803,pZeove0doROc
2804,QTMaGy6FpAJn
2805,cAZjnT2V0TrZ
2806,jEii7nGUEjQt
2807,SG57qutUlURm
2808,okqONWEzqWy0
2809,ydh0V6knHVEh
2810,BdBH0qj0Mp9l
2811,5kzopDmIOIVf
2812,CI35RTWrfDZI
2813,pQTH1MqlCd3N
2814,4yFOrcbcWkba
2815,dPIvSSSMthQB
2816,COOTk7X36526
2817,VYljlEWsM7Pr
2818,E8bvPYVlpCBY
2819,4li1SDH6fV2O
2820,BkUWWoRBmMxW
2821,Nm4BhM6maTw9
2822,a40rx7HfPzWX
2823,kWGdsb9NJsu9
2824,vT82AeOVubxV
2825,Wphn9urf9Crj
2826,4pU2suyqexw2
2827,6STJmJVR5T4Y
2828,MUE7YNdA5HdJ
2829,FdVTGUfqGcmk
2830,9BcEZOM3sBMp
2831,v1cCVTIVg3fe
2832,jhbp0qozpMQK
2833,Y3GVE7MWGRdy
2834,IRNHnz4T9muC
2835,iX7wo2MXdYaX
2836,BxhJumSLAcpZ
2837,pU6Qozv0NN0m
2838,S8xMj5biQtny
2839,e8CUbEbxK1cO
2840,i8espQyHL8Kp
2841,alK01P0VDijT
2842,PWHdv0lERk5w
2843,FECjum0xwUtv
2844,Icb4pdvJ94Gf
2845,kkMpuj0x7dq5
2846,Vox4gyLVRkMw
2847,Vnb2JAm62Hgt
2848,YXlr2mg2jN4o
2849,cQykx2YuUQMb
2850,yxVolaN6zbEP
2851,IUcjMyzv7pfh
2852,YELaSPkt1Q4a
2853,3HbwNIeKWynk
2854,JQuhQiKF60bZ
2855,jloPU4eXkPft
2856,g50S3KW5i2i5
2857,tza0CxtWoRzc
2858,8vVZFZhqO1tm
2859,u9NJCoPu4L2Y
2860,bwRDYzxhpOs0
2861,BXY2gH408T0E
2862,pfAmlzzQqF2X
2863,ngzgUseDV8UE
2864,LkTSqDdeNB8w
2865,gz0UI9P4Rph9
2866,IMyqdBV7Y8tB
2867,Mc6XmKWqSGyI
2868,uPnAkbrxOqGP
2869,mdMBOkUTSzvg
2870,mTfcneH8iJWT
2871,7FKZQYFOIzF3
2872,QjIkBSgV4fAL
2873,ThbhHyOzd3pK
2874,m55ztWryUCVX
2875,48CeuoTUXw9c
2876,wZJAS1pysGEe
2877,3tNzV5tnXsEa
2878,oEc6aVUBAbur
2879,zyvtzX2ZDndw
2880,MmQltiiCw0Z1
2881,M4sE8jInaCen
2882,fE0ld9ZF806Z
2883,7iKsI1eChVCP
2884,6PxDiba31nUV
2885,9Qj2nW5j4cLY
2886,GUMQHbzw06XS
2887,KbsLlNji9XSW
2888,SgtmT6a0VQ74
2889,2esOCDtPIVGQ
2890,qq1tHwXTsMgl
2891,J20diROkHGEl
2892,zhN3wWBw0PpN
2893,toItigkh4NCP
2894,XkzcqgiDkskm
2895,DbUA8FpfLKv7
2896,9RHPxZAi9XYB
2897,AZoxKBTlp6gm
2898,tRfzltRmtLHi
2899,rRRsbE0iRntJ
2900,jJWHk1NGNyKI
2901,pK3o7qBMBrO2
2902,FKYBU3szXM0M
2903,yWY3dG9xpBMY
2904,OYYG8PjDRv8q
2905,8BLlKxxMdVAw
2906,IjHo9BEshIeE
2907,hjMcBDijpuHg
2908,VttR4CJBSdpr
2909,z5QLcGfku1ON
2910,9FqmGKc7j8OL
2911,wOOzOBA2RvKY
2912,19e7kyakJBeB
2913,zf5YQSuI6LU2
2914,is6NBZScd2HO
2915,xo80uBfS9kKu
2916,nlStvvklSC5Q
2917,fXPAzWHdAsOs
2918,on789CCzX0ol
2919,pyachwSZRick
2920,Qwzej7lUydT9
2921,wRq6tvbQp4uL
2922,9ZOV5dLItz9H
2923,9IxViCprMr4Q
2924,9zsPC2LWxCDh
2925,4Q65wx8QkDeK
2926,imF83opW6zMK
2927,J1kOMGXVWEr8
2928,ytmwPfYwMB1Y
2929,hN0OZfHV2aB9
2930,i46PArPwLEXK
2931,zfMjrfJO3fb5
2932,4ARkyI0pzvtL
2933,03yuKEndkP4T
2934,NxKjMwL1wjy7
2935,KLV1g7jgtCD8
2936,wNmSH1nL9Cdc
2937,Kn6ivQulb25F
2938,6spld7JND1jS
2939,XgGDnPgKqoCM
2940,CsQxCBOjfoqZ
2941,W3Girw7eUftM
2942,nZSrbCGlsNWI
2943,OCC9a5JRQFCH
2944,TiFTDjJWFMYX
2945,QgoCTa4aAOpK
2946,Hh2Fopq5I8fm
2947,kHHtqF5zGLCW
2948,GHksY5qwQWsY
2949,swdlQOL76ziZ
2950,RmE10nZ0MLmo
2951,1IDszFqDzqSH
2952,2Hd6U14CxBcb
2953,5g4bRcvdJ2zY
2954,VqSGF9ShLDQ6
2955,nknPeFXtvBHi
2956,ilgpXY7vNRRB
2957,I9Y7F2GsYqDk
2958,2dHBBMZDDuVB
2959,f1SDPaU8knZN
2960,NpLaIypwZUVA
2961,NGpUwjet5WiU
2962,95zOGAKPLCcK
2963,EYKTKjs848BS
2964,2o7kcVuRxNId
2965,xGtJ19HxFSDi
2966,xwQNkQsXxegC
2967,kpUfdl195qqY
2968,annDJBWG65sO
2969,XsJVBpy4Cj7k
2970,68zYVOs3vkyu
2971,DDo9JqQakWCN
2972,67QJzXU5jjuK
2973,lQpSfypXjbs6
2974,nVxsz9m3yHuQ
2975,DojYc2KkvL0t
2976,5vfel34UqOAd
2977,5oHa2k9D06Z5
2978,bZvaHMU9oV00
2979,Xpj5YCecSslT
2980,LXrKk6fdOpmS
2981,Y4NPZifrDC0n
2982,7K4GzjkVaA0d
2983,wn1cRJOlxpg9
2984,C1a7cBmBShze
2985,flDNZevx3uhA
2986,MJr7lIq8zJxW
2987,SyHtX7WsrcGm
2988,4qZt3vD2ag8L
2989,YtQrbb5rda8X
2990,8ygaqwV4dDbn
2991,WFc7HZwiiDIg
2992,YwBCNW7xhvLO
2993,XaEt7A5emNgR
2994,UsLiBA8hz4J3
2995,CkM7vRIW8ykB
2996,7x8jFnoNi9Vr
2997,E1oUHcVyChKS
2998,p1izUuXOuQnw
2999,4rXLBNAfF9aG
3000,w5V20SPlLXkK
3001,PPiCgvj1Crbs
3002,Dbhd8Zeh8Nys
3003,yW7F86p8pMpE
3004,ccvoIYiXEHF9
3005,iMiBFqpRZmAg
3006,xP8j67fJIBCa
3007,nz9997uC9Dip
3008,whJ9hQecKo58
3009,s5bPVfNNJR0y
3010,wt8ihBPooSt9
3011,mk68FqMUwzWE
3012,wCmmOgCkNaZq
3013,1OyITjoNItQT
3014,GhZbeBfMoU4P
3015,BaewRbJT69Tr
3016,E5V5r8vcDlXQ
3017,OeFkfMq3ueI2
3018,94FTXeaTsOcX
3019,cicNmT2FwxKo
3020,0EoEmLJNQbFU
3021,U2neP3GI2SvB
3022,8Rpz3uDfrWCI
3023,NLRCybFTL5Ee
3024,VwPxBz81xCXR
3025,0Fb9Rt9w06nb
3026,8nJPnHoPoPw6
3027,vFLG4yknM02G
3028,Z4SjTytKZjmN
3029,wMGoE5Sz662Q
3030,O0IrJPfhq25P
3031,VBb514Lyj17t
3032,7iDzjjF5YdA1
3033,8g1epvlh5ejP
3034,crEw72xeuuVE
3035,Uli5NODDCi6u
3036,XWpy0rWSgCbs
3037,PqWUEedxl3Bw
3038,2LHnhYLY7Guo
3039,ExL82jinn7Fm
3040,wpME7Qe0FIyx
3041,uWfRvmLs3P1w
3042,5cWfoHdKvCEc
3043,Q8GgO8vwZYsQ
3044,me51kiyDLcCt
3045,VKxnQgcSa959
3046,DNEeO2KQ20m1
3047,ttohQHyuCOO9
3048,m4xMHzcj6vdj
3049,Nki7b98zlglg
3050,URGy52fK9GSD
3051,CFLHs4nPHKHi
3052,BNxGH2I7Zn4l
3053,RURrIL7Txq9I
3054,JwJ9c5J9eCrS
3055,6fPAJcIwixgb
3056,Fxfgq1TUiw5Z
3057,e24wiJ59HDmU
3058,SeJllk6Hl3NK
3059,tFDXrFQMz1rC
3060,8TfajLd29wVY
3061,yldLeD02srCq
3062,PwOQZTjRKZgm
3063,tc2bRY7TzqNG
3064,cYF7clkvXwwU
3065,6Dh2l1EEohQ8
3066,yJWYroWneBZz
3067,js1kTNE7C8Mq
3068,2nrKYyY3cev7
3069,vcOujTxozlvG
3070,iXbRb2RuoNn8
3071,pgm1K1vxj7uI
3072,RFKqhwSHCKu7
3073,co2k08iptmg0
3074,YvSlBWFMHujx
3075,xpsnsZXG5mor
3076,6YZFhlMkKqCL
3077,dCAemXUvyMIT
3078,AExiSwUingeo
3079,MQ2nsifyADEo
3080,HwuW2Jh5lOgW
3081,FGVcXzoLAWFB
3082,9eoZ8bywDKjJ
3083,SKOL6hF9DiiN
3084,f8TBXWgCDPzt
3085,ddgdxvN1N9Cr
3086,OEwM2Xap6XkE
3087,TIpdtqmPttT5
3088,gZdkGHqVTAI3
3089,BaW8kYKNHfWc
3090,Xt640te3plTN
3091,YrdtyAHLoE6W
3092,smFBiV3CRXl3
3093,1lI7Ul0VWtrd
3094,ZI5pg5yrnmX6
3095,ZNGvKoaWmqy1
3096,D5VkYEXfpeGl
3097,zJEmnprC24dm
3098,vkomN7t13sKC
3099,JRBuFhePtBYq
3100,KginkXNTaq2z
3101,hgUsVk6k8jPx
3102,X6aW0FLiOlld
3103,woYybTJuSIuF
3104,zM7uKO1bgwjP
3105,MbqCdYiybNYn
3106,CcIO0Zv1gWd1
3107,Gqhw5JFRj1Gg
3108,cysWbzp9MJBX
3109,2zjMFgNqKF1C
3110,qtTGIwkJSH8A
3111,16NSHzryuWjh
3112,hKZplqLWgq2F
3113,SW13Zq7TkgX9
3114,NKdWu9Udfo62
3115,1teeNcuJ6NA8
3116,l3FbUyXGWdYv
3117,4lwSlGBtceBb
3118,U0vxbKd2BUNW
3119,PUwspwE4ROag
3120,pwLSu9OaDwkZ
3121,jkFHNXT6sw0R
3122,QzkyfBNtYGQH
3123,84kQ5Tv19xm9
3124,dD8HMd0aGlIF
3125,PbMjsFWCqWEX
3126,DElb7EH5T5TB
3127,vTyd523cny34
3128,XfvuT6XTcT3Q
3129,6Hf9TI269sQQ
3130,QjI3LTuONQY2
3131,IiJ8c09CrRJp
3132,3PVSmwgJbgHb
3133,VKSUsEvmHnBC
3134,JK6ooAvZNokl
3135,SWGSBFSzYYXA
3136,OL1ymX35Eahj
3137,7PNcU8xKz2rT
3138,VUBB73EJT4tv
3139,lvTHkjyV6G6r
3140,dtnDAfnpIcqi
3141,C693HNzF2Twu
3142,3O4DKCWWumg9
3143,v1JEzlNjxc3G
3144,asqwbfBZIRMo
3145,i9syUy9dqh63
3146,iHNZQyXPtdn1
3147,cWPjhh5wyCGU
3148,bNuxTP6d93Lj
3149,v3Y8G9JSI1lb
3150,sGE42FOVHbbP
3151,KMjoy17Xx7oy
3152,XjDHIsdPSBib
3153,PksCicnpARLj
3154,GxYzTsG2ucCd
3155,Mspo4qCDAndl
3156,d0pR3rcFbCbR
3157,cE4DNMPJkg66
3158,YLVbmUZ1vW1o
3159,bmx3B6ipFaVr
3160,HJLuKXPeUk4K
3161,xPNvSE77WP5v
3162,oxrbIHvSTgcd
3163,0pQk02pGNSzC
3164,qDPRUY0NuiHP
3165,ZbFh5TIUOTJJ
3166,JPHIm6Tuogq4
3167,9GTTRyLjPT8e
3168,NDdeNX9Iy8Vh
3169,orj3dPorAiiz
3170,uDtwS6xjKNcE
3171,Ruyw3mDRV0AC
3172,awcRyhLpdjf3
3173,2cwdpw418fsW
3174,rJ8UrpjuubP8
3175,EHQBIz3mX4Uv
3176,cYGiWP0fZ9DN
3177,Tyz411e2QVgH
3178,NQr0pngXyXEo
3179,CuLgNlWJMQIW
3180,zDNp3gJMnEa7
3181,V7yXLfm9qDjh
3182,fsRoAQzF8eCt
3183,b92cR4eMYr3q
3184,GfPoh2uA0fWZ
3185,7yhBZ15Y4bGM
3186,SLl84M5S9GUa
3187,QGljOfCTSnn0
3188,V6jR24geTo9v
3189,HKtM6F52SneP
3190,iHN7x5A6hNxg
3191,xGXjanPRgNbr
3192,GeiE7szalaAl
3193,cVremgvYsJJG
3194,v9LydYVtV52O
3195,e5606KEyQZqT
3196,rxvebeVCItZV
3197,5pbS5rO5WWB6
3198,BKiuTbTQZ28Q
3199,heQ3bFEVzf5B
3200,9Ca4oe4pcW7e
3201,VZXNjoTUI23w
3202,BR3ILO1WHjhw
3203,jGrVlbZS6l4Y
3204,5m0pVSrJduo4
3205,U9TUxFULeD8o
3206,oNwcE107xO0k
3207,3pCWSgYgl30D
3208,d1dJeyiVC7Rh
3209,1vxgqhYc44Ul
3210,IJuNH5Gm9ori
3211,v9FQ3ImNT7Qn
3212,oEOJfvBUCxco
3213,HRszaLFbrvmS
3214,WytWnMpBK61u
3215,vZQZby0Uf2mS
3216,ThQukorCsgRn
3217,jAmzf6UomiB8
3218,gqLQtrkrBfPO
3219,RfkozeazqFYd
3220,grsZD6Kfkut0
3221,fB9mVxT4b1c1
3222,JroEysEyhJCq
3223,4VJ8QlhMsrMh
3224,rvRXMRgzAKZK
3225,qc4oSSxJaLuT
3226,Sx8uits8IPK8
3227,M8CfteuiGXF8
3228,ndSYvRyVNUCd
3229,ixUHXibgCB2K
3230,PopIW2eXROXj
3231,iAlBmQu8TOey
3232,MZDw4QmilktT
3233,PWObcjCyE5Wa
3234,Ztf2iMfsZAVa
3235,vEXgmdHX3l18
3236,qlvN66gBPYUW
3237,k6qIOD7W5nf0
3238,ZaFAde6iiBr4
3239,NizQI6KEKXFS
3240,ZVZLd0BV0ZhV
3241,UUvO6gr5IDQJ
3242,9KBLfqeFfJFN
3243,fFO6HZLPKkZC
3244,hfGqUSOMGehq
3245,A6jf0Om9ZL7z
3246,L9HMa3dD9l29
3247,y1YCSnBe9TWq
3248,XA27B62j3ClZ
3249,mYjVUOdb23sn
3250,KRZRzqFl2z0s
3251,pHKYc9d18pi2
3252,D8zCVEX2OQyg
3253,0FDd7yyJ3i9h
3254,WvW6BVWgZ6e9
3255,UDUhcAOG7ezD
3256,UiHts4lXQ0ei
3257,UIwoATuT467s
3258,G4ZUGWpjVuZW
3259,S60KetKB5Gpf
3260,WfpdeNN8tkmW
3261,1kFkewAuV7if
3262,jKS1SXuOaGz3
3263,DzNizOJylFFG
3264,Oid1naxKFYfr
3265,yEjRPNDpB8Z9
3266,7OJApjSWGwiL
3267,rsyvxjjb2PIe
3268,I7qSn46wlp1u
3269,8OIRksdQxLEu
3270,PWzeOi0xABH8
3271,xbeC0NNNXIWv
3272,oOuD5ZBa0ZgQ
3273,b3DDsiDJxXYE
3274,nhCq1i4kcyJp
3275,4uyHUu4RFPTU
3276,q3cCoJsAdfe4
3277,1oLBKIY4ttVk
3278,jM2imNr4soJz
3279,F2sOASnB2ut8
3280,Om4WWfp9PYH2
3281,upijNEh9u5V1
3282,UubNJ1yWxHGb
3283,0b5mtA5cpZIQ
3284,SE7BhqcSLXCr
3285,AWe6piXHt2GG
3286,PksIgFDGsAcF
3287,RQV1WWcKXHeP
3288,c0boTd1s8NpX
3289,l3RCxBBpuw9M
3290,bDZUWdyRMCHW
3291,bs38FtVrWVst
3292,upftn6Rdc1z6
3293,5QM5YO2Pg5id
3294,5zRxxlYaP23s
3295,D5LMe5hfv31i
3296,JaPxPiMZZbNN
3297,93qY0KBPGPw4
3298,PsCm4D4OK9Zc
3299,7IHe0b1haPUA
3300,ZJLGqZB3cQRO
3301,VJ7h3a4nGQYc
3302,UpcIjwaPOGiJ
3303,DFXS0CytjtsR
3304,YxxHde6QkYsu
3305,t9c2mzNqy0Uf
3306,5bx4zAze8kN3
3307,0mtZsp4zaARv
3308,qmBKjA9kDGX7
3309,GXmvPtWMQgmz
3310,qpLfQpPkbyEL
3311,ax51x5RfzQjA
3312,jhPQfHcnreKV
3313,SlU4iocpXug7
3314,tiMzxAcDrHuL
3315,CivWpSGcSZof
3316,Fn9tC0kqfpyM
3317,e617zgZng7jr
3318,o6s9ume5AwQ0
3319,S9suVVG7BAG9
3320,EkYIDkXU83K7
3321,oF9zCLpO4pNu
3322,itOleWC1MnMm
3323,kVLO0zlFkgWh
3324,UhLU9HalLVnO
3325,gEgjrVg7ttE0
3326,j7SbNSN374Au
3327,QI0qsDUpRQW9
3328,RUQmw6S3FPW9
3329,NgMkd6TcEtVk
3330,GKIVtAF92beZ
3331,gfcAhA9VvdR4
3332,h7Nrkh4IgRcP
3333,WUuY9yc0954p
3334,CCZjT6itfHVw
3335,w3vBm0us9VDH
3336,NuLAT0mlwKTU
3337,xNHy2eBkNOJc
3338,TI9r4evKTdTx
3339,TpMlBoL70Tge
3340,kiduq1VKCf5r
3341,C25MD7ZUDhJQ
3342,s5SzJphx2hgC
3343,g9EmAhQnSYEK
3344,c4NFF1tHbulc
3345,oLAxugOkXVpy
3346,AlWGxACdHBn1
3347,kuVDTR22iXLZ
3348,zBNJD1n7IOTc
3349,RXhNPhmIKN7d
3350,FafBCuu4VMAI
3351,D7hyMf3JwZ3L
3352,ODxXUzCgGf3J
3353,0qMWrmFxHNqW
3354,GLAw4ubCbVLW
3355,lgdX3snHeJzh
3356,8Qku75cLgOvZ
3357,oUBgTkzJtSU9
3358,Pnf7pyhDKcia
3359,YZ2wATD2wvot
3360,qJBQH9xQvV0H
3361,sAskbwZGsEbh
3362,PBOnkvvTV5t0
3363,xu7WAUsnyvcI
3364,U8QzNfjgzpE8
3365,XYBDAiDck2Vb
3366,QpVtfD7twxSn
3367,OHHZtgfztiGO
3368,Wz1m8V1adaGc
3369,jPsc3DLLjNdW
3370,1uUIKLYNqMiC
3371,s8gc7fvINHUU
3372,ez6YmNvbFafW
3373,dz7o2bE0MWAr
3374,tVBbTd8hMSJY
3375,fQolgehcl2wW
3376,5U9GlP0IVJp4
3377,cXUpLTXQoIdW
3378,d2bNWcn9IMSs
3379,6T7Df2H1TMf7
3380,Mn7pXTJOR6GB
3381,SZMqWhnBY7E5
3382,ym46javxTsgT
3383,061hVtlfcr4I
3384,mbqgcIAO8AfR
3385,niqTdWW11DTJ
3386,xYQUTsYd8MCn
3387,9i2mGwjXxe7c
3388,6awgIqQ7181W
3389,vxA1Zk1kpRnP
3390,yT6JE6qNRrTc
3391,YG3HQk3emIoU
3392,AQBREefSmn7N
3393,4UNuZaCXlDNW
3394,D2RGFrGiVQG3
3395,keaP9tUZJuJP
3396,uIIRSRhmQsJn
3397,SSv8J9a9HQfB
3398,Q8tXg7Ng76mL
3399,bt4WOVzmDoEX
3400,KGhUeJTRyhUm
3401,nKCvCZCysEw6
3402,FKHtw33T4Yop
3403,Xs6tguXqJYyP
3404,GnMQuCm2OSBK
3405,YYIiz01YO9Nd
3406,rscbj8GGLKHN
3407,893mYvylriEi
3408,aoQyblbiVs9J
3409,JYXCjP8MdL3O
3410,U7GUjPYFX4mQ
3411,3Cx0S1lHRFT8
3412,oI1RoWs7XesU
3413,5Fui3zNQGAUO
3414,oOb8yq2ciuuq
3415,1zJCR1NqxAqV
3416,GkqnIJ6KMYiU
3417,3gHjwRbmIa76
3418,X5I78KGPK7uW
3419,nEBumC1PagFs
3420,MznUDZkqyrgF
3421,xO3EePikmPOW
3422,U34cHgLtFUMv
3423,1pgxhhPuHWzn
3424,qZpIeTLLBoJF
3425,FWl5cr9nkBkf
3426,KArXBchExQhJ
3427,Sa59ea3MOVIb
3428,HGPykTgU6zg5
3429,Os64oifrOznP
3430,BPb19vwrpx26
3431,gZSt7WBTjwhX
3432,0h5niuB2aP3w
3433,tCDeQPBMI0cg
3434,IMW5k2WoInd8
3435,dVpIPy3yinfE
3436,5hqm794Zl4y9
3437,PAyHAUL5gHgE
3438,quGdrIo0xtjU
3439,OXNbuJtpoTjx
3440,N1KbDEtuojjb
3441,JhV3HjPghbhE
3442,zDfuLsFPlNrj
3443,P8ksmb5mXMid
3444,kauPXpiB9WfV
3445,aVGAc2wVeCV5
3446,jUrueZ4UYKcC
3447,0fzEiQY07TTH
3448,Miz53pLn56CY
3449,1JSN960SKrxi
3450,pAnBQqeO26iJ
3451,esmB5I65xUUH
3452,zXGLj2oQxtwT
3453,Hull1Sj36bfA
3454,cwbLfGK6ly0x
3455,UhJAp5kNl1Or
3456,F6qNRaR7Nzl3
3457,wEEV1m0Xqbcb
3458,aFsfQHDR6Q3I
3459,0vNyBPXk1Lyl
3460,Xy5KngznAPgv
3461,CJaiZoLSRjP9
3462,6UC0dJbfaUVx
3463,y9RhFa4oaJV1
3464,KVxliDL16kgC
3465,aZChr8BSE8ic
3466,pfrN4f9laehd
3467,yCGzYMJkDxYB
3468,c1bCrzdYPlnW
3469,QMAtvjQ280uh
3470,LGCgS5bKEyBL
3471,RKhOV2yWJS09
3472,Zf1jjyZRZw4b
3473,ExRHIgAZbXxK
3474,RGOWxxVomhnv
3475,6Z5XOxLDzYSN
3476,17WVPIw9sZOz
3477,eTjgMlKuYjVn
3478,InLDcf6FAEzm
3479,yzx3WlgdUBBj
3480,Uypv8WKvW7PR
3481,7WtKBsQNIpzj
3482,RkCvCM4eze1S
3483,u6PhrLeKYUSc
3484,7Jj2qVJQcUyp
3485,pVs5m6s96me1
3486,Ef79vqfWfexF
3487,ifvRJ9TiecBY
3488,816eBLdd7tDQ
3489,7PJ3p5TLi6ae
3490,XmCvoXvLwuke
3491,BOa8xqEWEKFR
3492,cHFggkj2OUeX
3493,0nnSQsgJG8U9
3494,wdHQlWASLwaZ
3495,VvLkJaBgjZBn
3496,mobdM7rH7Ley
3497,EjDhg5kzsHm2
3498,t7S1eXfU2wtK
3499,LXZHUiKavSHE
3500,6AVPXvBWsCbB
3501,od2SAwpzWLav
3502,swIqTj6dLYol
3503,ilTvha3puXRg
3504,cHVvz3Zlzh32
3505,LdPIVLqMlmuP
3506,5qEpmNPh2Vze
3507,HbnyL80I86rI
3508,Cf57qsJqj0O6
3509,fzTzsnOQmDxf
3510,oxIUd2pTUWNz
3511,MkNTWpzLKCE1
3512,OnxdBsirMIvp
3513,3sbWKF36niTK
3514,Egy2rKoVPuDT
3515,jQIZpNc3hko6
3516,DVZKpTlb7jzO
3517,8Ndi303bxt1W
3518,sbKIt8wH3BOl
3519,PdZwYXmw3IrK
3520,BuhsCKEzew5e
3521,KhZg1wJtjH1x
3522,WxAC0dkhkRmn
3523,wBjYAKwDYqe8
3524,gI4sEczJVNEb
3525,kXIeChXOylvw
3526,CZ9rXW3PF7Ma
3527,CWeTFkYHnz6G
3528,t2KHrplsTxBE
3529,r9Qa53Hdb4fq
3530,XUwHI5GRmbpF
3531,qjViHBCeGXDf
3532,hfW8FF9C2lEl
3533,RivljZLcnDqC
3534,9k61cBqrCSTa
3535,ERZt8V4NJhNY
3536,wcS33zfGFmUa
3537,yYTrEf8f5BSO
3538,I85H5tEOaNGa
3539,pQPqPUC8RuPw
3540,Qx5IJfQdb8EY
3541,oL1J1ndYQNgv
3542,HJw1hhT09P45
3543,ThwtfJmll0Fe
3544,dOB8e23kqtvB
3545,LLfoWfsffGgS
3546,32bii26ivJAA
3547,fSW0qh8oXkN0
3548,2SX2MZFiX5yr
3549,Hd4Ob6TW8oc8
3550,lFrt39E2nhiu
3551,Vm1KHM86k8WS
3552,Ar5kfnk3RJfK
3553,gAbUI7VFEROO
3554,2mh2b2idREyv
3555,7C4uM6RnAEUQ
3556,6SK37gk0EjQ6
3557,30cb7SDA95jB
3558,WBHIUlQQKjhx
3559,lI5A0QJvNWfT
3560,XP5peBGOB5xX
3561,NFSP1shCH3Gi
3562,kzS4QqnctpUs
3563,7hmHWldGCG2s
3564,nsP7cfrFKmRH
3565,rlv0uH7TNOWY
3566,WfaVLgjx7tGh
3567,bjxOf4agQWQf
3568,7UDeqqTqVdFY
3569,zfp7t3JcD5Qe
3570,5XL65X8azbjX
3571,XBBK7Evs35PV
3572,tlCymEVTwbXf
3573,c9A6GfSJXHgn
3574,swaa34ORcPGV
3575,iTb57mEUOKzp
3576,u2YGgfaK11ug
3577,5jzHajnGrIVZ
3578,7hqDEV1BnEbk
3579,TQKRMUIf8yGP
3580,cozyj5io9yh7
3581,gUl7oFKahnfF
3582,gwMOA9twBJDG
3583,SXPe5NF9nNHw
3584,RO0gRPbxk4xS
3585,wDeoc75AFNZ7
3586,cuizegGpNloi
3587,F7dstwsCQOkX
3588,hcTdoDtOpZFI
3589,dgDwe6Ejze99
3590,XR52f1umOWuo
3591,lz6fDxqLVGon
3592,MmmbNQLBhgKX
3593,Vo1R5eiZ2rsQ
3594,G2PuSDYY9Me8
3595,k1beOKDtBNDA
3596,L8A9upKqYRgN
3597,Nk2obC4cIhxQ
3598,bvGTyoGiL1Jr
3599,mGz6Tw9e6WHD
3600,3W2coZodYqNa
3601,RHF9OInuiNFZ
3602,fwPvn63f1aJB
3603,WZO3WHVA9cBI
3604,ZX2h3vEbFGmZ
3605,WVPbK8ldHHlP
3606,hJOD6cvzvlKA
3607,1LxV0o3YuFl3
3608,mLJuu9ysLaDP
3609,LT3cokiRy4mx
3610,XfXhYczSGmlM
3611,aJNr1INot0Zy
3612,4O0PzC23Ptlv
3613,HG1W0dHgV3ns
3614,lUf5zeJ5jBKE
3615,bUnQ5EESUWt2
3616,reUE33WZY1CG
3617,5qllIy8vVnK2
3618,jvrNKDLz6MFz
3619,B1wwXPtlVRxH
3620,J5CUDPJYDlfe
3621,88wmqF2E02mD
3622,Kv8iJi7hAru5
3623,xQCOXxhpGS8m
3624,ooYOLWQURH9N
3625,z26T2J0qlHUe
3626,VVEUMxJS7A4N
3627,hMzNKgzrYgyU
3628,yidm7RFMe2ei
3629,7z7KKOLzMCA0
3630,woW6cDGdFyIG
3631,bIx9SxQLFzEl
3632,Yod6lxMAOcqN
3633,L4miF0diqkcW
3634,IJeZ72KcEWz5
3635,SIxsTUcpcYoS
3636,cI75AwMkDJoa
3637,U2rOYHoBWJxI
3638,uPUvUYQlX0KZ
3639,LFd4s97MxnBi
3640,akfgr6PGg5Sv
3641,U1xBNNZ6FKNH
3642,9XSLcVOWORlU
3643,xmLcBMBdCWoU
3644,9DWhrwndZoCr
3645,0T5hIAu78RYX
3646,hcPay5tDsMVO
3647,ns2bfNSF55yi
3648,h57PZF709BYz
3649,LBZyg70IgSkU
3650,Mr7b7ArlCNEh
3651,y51W3p95KwFr
3652,LJHOmTbfA9SM
3653,B2hjTWX29kXE
3654,jf1721DsdZDC
3655,SD1XOgEMAjo7
3656,gx2PRT1NrQtz
3657,BpAYm9qGkZgI
3658,cNN7tDBQ3p0R
3659,QGiUi9O0TXpD
3660,uHEb4TvUPCPk
3661,MaZZN9CrFnSA
3662,GvQU1mN4uHJu
3663,jKHcgOkNHiAo
3664,ym5HZZfW641u
3665,fz5NzJNdsO06
3666,USkDr0wTVFIN
3667,9efeZAfoAvVr
3668,QeyVB6mOv0AH
3669,bImZIHyTji72
3670,1M9qJq1B2d3p
3671,mijPgN6am9eP
3672,q5cRVBEK16Os
3673,jKIuD52zBYHb
3674,Oqw323TTpaQy
3675,5RmrkPtQVL2j
3676,prgVcdj3jAQN
3677,gHEfSY7Mz74z
3678,Q2h86AKrJp20
3679,tPaRqATbOrvu
3680,FVjTxQ6Fm9Vf
3681,dZPUMvjg1NIf
3682,2geI4G5hfrsi
3683,UwlrSKWjrHtz
3684,Hlz2kXNYNPXd
3685,yH6GQiV6wGMp
3686,p1733WVQHcWn
3687,c2fOFe82ADwX
3688,WoIHhb6jNIYM
3689,KV43pdIu1Mkl
3690,jtGpGExFMPJP
3691,04vQGcdX2CCz
3692,bw1deRHB0N9u
3693,jUifWYJzv1Vi
3694,CuRVzdQzqDBZ
3695,b9N6kp7Duv8M
3696,8tVSDKiIeZvL
3697,hbobNwmGKlTN
3698,rBGa94tjOhim
3699,kgKeTm9yaUMk
3700,aIFhyIPHjHIZ
3701,Y0qfRdHyrQNM
3702,rphyzSa7GmHZ
3703,DxvgVlq7FBhN
3704,onwKYmurYy9s
3705,gPejUdpc2oEi
3706,5NflExlEicSb
3707,Q0VRuxfnupFg
3708,wIqQFv3ived5
3709,dWLcFxkvJ4ms
3710,qJyKpwa2ucwc
3711,czofsZzPXh4B
3712,toU9eP2P8MIK
3713,hw2PnP8BClja
3714,FysoRfZVygrh
3715,t4M2jJvQ46jv
3716,XOzpNxfyTFCA
3717,nXi29ECj4jJZ
3718,exxJ4TE6b13t
3719,Axb86tnIFLoA
3720,3Xoa4PERzs12
3721,hqhLLbh6am4x
3722,gYbiVr4OnKFV
3723,HyDNldwuQGL7
3724,uFyBxWDM4aHK
3725,t2Xsy8hR8ABI
3726,p8yufikep5mL
3727,32Z5F1RuhES2
3728,fQB9ul2TcPt9
3729,DTDlnURbcQxq
3730,3RIs3IJaVOZd
3731,lNOd8dd2QB02
3732,rI4EfnFQItTh
3733,7wjhdbASImke
3734,zwlvIlQ1vpOt
3735,iN7f4xWJFvBX
3736,zkvhbJy15kgM
3737,QMp0rALqJBYG
3738,tSMLXlSCSzBE
3739,E9CCc2v6Ty9U
3740,2c9xTsoqj5FP
3741,LjD7lGkJwHRm
3742,zX5UX0dygC7F
3743,luFHo3av1Mum
3744,Mw3Bbe6yZkej
3745,h7eNccHowd6v
3746,0VWNxin4w54R
3747,OObpfxxmrXzi
3748,VmANfyDpC8mf
3749,2CAUVYhvfPuc
3750,V9QVQRAdrIHU
3751,hpmyVRzx71Vy
3752,ki6CUJzFB48A
3753,WXG0HsINPnmv
3754,VlnDXZvykX7J
3755,jzzRLL2rcEEz
3756,M7Pt9qoCiq3Q
3757,U7JtfXG58BvL
3758,eAe12CsYbVKq
3759,EyNWl7z4Wdwx
3760,5Q14GpXYK6Sf
3761,bVsAyU8h4FPr
3762,EnIq7brl1RK2
3763,hqAYdYLcdhzK
3764,ZBumYMqp58LC
3765,lH8PA07f9sI2
3766,Ungq9vvkSzwW
3767,AI1sl4eyaT5q
3768,c6EPLPEiFbk6
3769,bB685bGNsq5f
3770,0HVzYmZfjuMW
3771,KKBW7yfZKEgH
3772,6YyXymgILijn
3773,dInHKVr1UmZC
3774,GkFFm9WkwNZg
3775,rrIx6p5CnDx6
3776,z26q8NO4ZEjW
3777,n4hy7SPR1Us8
3778,U7wLgo5VteER
3779,0rLljerNvEjc
3780,Zo3EBd1F4vT8
3781,Fbpj3tLXhHaM
3782,GqBuHRHeRpXw
3783,ocOWlwSajJoB
3784,A7CRUScykoqr
3785,E3e5GnOLK9K0
3786,NhjemKIyeEAt
3787,vVueM9q6wZ5X
3788,Vj3uWxIsZVnZ
3789,ho0mTf58bX5q
3790,2eND6wnddNUg
3791,5YltA3F655Nl
3792,2HvkPAMHe9hU
3793,827SSMQ4d6Y0
3794,TWfgOJCKGZW5
3795,EvfEh8DYG1MD
3796,E9xdhoIQ06nP
3797,6ol1XTyj3vrN
3798,jaOLCniaCaFP
3799,iCdYsOEzGfyj
3800,uVb2SWQ9Xd2t
3801,S2Sjk0qiZKBn
3802,gG1JchRoiiJE
3803,M3wYqX4fRbwE
3804,ZHaZFNCkfnSV
3805,FAXH2Hiv3q5O
3806,UVQXVZxvnlpR
3807,X7MDVja58KSO
3808,uwwKqG60RLWY
3809,whAVWImxM5UN
3810,4kcm7JKi5aEG
3811,n3zjAJHjBgZz
3812,qEbUqYGxXmnB
3813,NItuUrfzHY9l
3814,IlmG6e8zjPnA
3815,kQryPgFhHs88
3816,H0Zt1rutOCf6
3817,35EHkKJrmePN
3818,AVXGEP9CAKQ6
3819,X0WglbyIB8xg
3820,4Iym6Rci8iMn
3821,rhfXVoAebbjZ
3822,2vTEIbIRlBBn
3823,esc2vdNhtqUj
3824,KLScYVW7jZci
3825,Cpt8D8SDQ39o
3826,vl8XoJuv8bgT
3827,J83XO0NGrbAV
3828,EkIwFxHh8wDY
3829,zAhZDN54z3Mk
3830,gBMdi0B0GLpX
3831,UPhNrWdgzFeF
3832,zGaAf0s5GR1N
3833,zWKcaYwluIbT
3834,uFZvZpCTiy6z
3835,31o1SLtqq7T7
3836,xVm6PpOpyXFs
3837,fKzDzvPFqhRU
3838,iscj79DzPOxQ
3839,azvzm0nEBQCG
3840,L7213FOLoHZg
3841,eGvDAbWLyDOY
3842,vFxAbX2GtOQj
3843,LNjQ6SZt0a5Y
3844,ef2dOAdzPe96
3845,wOhMOX0fbl15
3846,TvgNtichv9aK
3847,602FYYAVGQyJ
3848,KcgHEtvTVg3l
3849,17RULGUpni6h
3850,aJTk70A8NZD8
3851,0VWZLrPMIjau
3852,ru8n9lMcj0hB
3853,BFAihbIfBBJV
3854,NMkx3grIBaJ2
3855,eMpYNp9vqxgW
3856,tNTyi3f1Qxbm
3857,onH8lxI9LIBh
3858,FfyG8Jovo2z9
3859,zsu5Z0gIyxj6
3860,QukgHj2HluIq
3861,StjJEuBRYBH9
3862,BvH0NwdHPTm1
3863,zhxMQPl9dpA8
3864,fsgwljZrJeDc
3865,Ib9fxmwcDHHW
3866,5cpzFJRymnI2
3867,cXfbgQjkAlSR
3868,shz1Ww8EXdoY
3869,RM5hJmkqcvgV
3870,7QXnh7e166De
3871,1wH2XXFlPrSt
3872,csnZNwYGJUq9
3873,mxE20s0z7a3R
3874,hjjVvXTQlxrK
3875,rLxnf1cw4txZ
3876,IKmDSR6VavHC
3877,f39MFwfDiXd3
3878,7rXPPGD6XprJ
3879,IFPdURkB33nV
3880,YolVBviUgaTe
3881,mLnjqCh54B2C
3882,hPIsEdvxnUk6
3883,KxjXtgGkzIVN
3884,IQLRugSl6E2T
3885,HVRPDAEwwvXe
3886,vZyBXua6tkk7
3887,QDcUD53XRt19
3888,PPbNMQpu6eCF
3889,dhDNq376Fkif
3890,wEnbZWcsHNNZ
3891,g5tCNVF3bBCJ
3892,fXQBlBU5mSeR
3893,JMC0DCnpoLTv
3894,XuxG3W4nmx0G
3895,6uYfsKlMH1zw
3896,CoEPs2cnaJy7
3897,QmVoKHnAekv3
3898,EuRGuGQF9AmO
3899,5TzNfBLNeck6
3900,0cYTxLJRDHgK
3901,7kXCOLrWu4vr
3902,kG7siVO3cvz3
3903,WqjpKIh0YWOz
3904,aKXKKGnE1mMv
3905,9KVen7cEKhBo
3906,P0s8rWnEhIdu
3907,qCSwnnH0nQ7J
3908,YTIgEmrwnF7d
3909,uXu5ub4y0JN2
3910,sJd8matqqWLq
3911,qLKJkErXw5b5
3912,T53Jn14e1clm
3913,XoIl2DeyF4nf
3914,EcEwDWaf6RAB
3915,RwRfPmn5TNMs
3916,07VolMmKto5q
3917,Ct25bkp91Zia
3918,C8kmdUVpl7pJ
3919,BcVx3gDXI1SQ
3920,jxH2AN0zrwA0
3921,JxZX96bPhjsY
3922,Xx1IAfa9UUkU
3923,BvNzAh3qFtWC
3924,pZSQVPwSlaEh
3925,SCwe5ubMrB33
3926,gdrSz6ICGR1A
3927,FRHKrjlD0vlM
3928,7jNXf9OTwLgM
3929,2WMxuP04wd02
3930,zrIfL4KdiLda
3931,qiFXlohobtAi
3932,PUXmqjL7sYYN
3933,wCbQtul1vWXy
3934,E0AnlZDHIZyB
3935,ElMeLT038DsY
3936,3rNBg4R7DpoA
3937,h9iE0IZJdENa
3938,HMORlanriXil
3939,ohfg7V97csDr
3940,0BZJcSrljJ8M
3941,vCJoBYiiaU0I
3942,uh6kXrepVB9A
3943,Bbfdm4cNC3a6
3944,ePfqwfhjPXo5
3945,hbLgaxIDGqJs
3946,zEONX5b6Vh8v
3947,KNRDzPcMbygS
3948,xzq3BrqWf5Do
3949,DADLKIaV4dHd
3950,cqZF4ZZ0J6mM
3951,QhCjD72p86X0
3952,cDw4myeE3ASN
3953,MDTXs84YEYXE
3954,QQb2b48wCWcb
3955,sVfCJirjaIG4
3956,xEUyUJOMAJUs
3957,MnjqSV2NA1rG
3958,rQm8APom0loP
3959,S4GOhiFhaqPK
3960,zr3dJY6rT6jM
3961,VzEffrYB1sN6
3962,ccnWDqxK0f8x
3963,nfQH0110rLWQ
3964,VHTQmUiX7fVa
3965,iMDGa9vJKnhM
3966,N6Gh4yKww3Rm
3967,eT8Kmz70kpkl
3968,5Eq57rvO8z4c
3969,uLvWlWBtEv9D
3970,WUkks3fFqsHf
3971,QeWPKNwnOk0o
3972,2djlFmWp3nL5
3973,cM4DBEpBoYX1
3974,im7KMAC15sOe
3975,N7jUO39ow63u
3976,lGYf1WI8hqCq
3977,3jPi5756ldXa
3978,bkaIL4gLpfXD
3979,l0B63CItt9yI
3980,gKpTR98tvt6J
3981,MSOkZgTKZrh7
3982,Qx6eoWoedeRS
3983,2tXiZ2DDKt0w
3984,0tltoLkC4gpb
3985,xKJbhqLESywX
3986,VfO5iw96G16e
3987,tiILNxKYmeSs
3988,6MKc3mQwRiLS
3989,ISr1ubvmnEbM
3990,1be11kUKrS2R
3991,fxEkHoGLKJxi
3992,G2RicNnMVQep
3993,gX73WXXKJPCr
3994,Mmvz6clrxW9u
3995,5Qy0vKAZMEAw
3996,hmpgV6h42OCN
3997,v3cFk2c9mDV5
3998,ibJj5GIWrhm5
3999,G5j4luJHcfc4
4000,VSC8JAZWqkLT
4001,RjQUArEsaj7y
4002,be9cNkorS3jr
4003,FAliaRkTVY8l
4004,pyQIJdNOEtGx
4005,u42dIIQZV8jK
4006,Bod4fvZpMH7B
4007,dPpkbaybEG1B
4008,7pOHXkXSxV98
4009,CBkUBohgm8Tf
4010,OKxeNFnravsl
4011,vnAqeZWd9oeR
4012,pTZcRtJ9Soms
4013,QEVxyuzLAXnh
4014,17vim2FCr97Z
4015,OqPBSn9DHg8x
4016,4gNCAPd6GV2K
4017,lWljxcj7x904
4018,QTx4lQdIAU17
4019,BP6CDwZidmTO
4020,3mkr7h0FGyjA
4021,T2bgJQaJKBQo
4022,v3m7wobPlfSt
4023,PomuVJyhzLyF
4024,QyAKLXh8QVCu
4025,cmM0v1Jd6bYw
4026,L5aOB9pmjGkv
4027,yMsBAo83V6hC
4028,KC9rWb6goGMF
4029,4K4A33XqO4e4
4030,XxC3statxnHr
4031,n5xP2dm61zBB
4032,CUxYpXMHoax4
4033,EmFVhAL9ol2G
4034,nX9NZ1A8iG15
4035,49ihcRnpYKOy
4036,XQskEMcKH0nR
4037,V7ho3qnpZfVA
4038,1KQ8FL9dBIBD
4039,71gMKTI989xl
4040,YUaA8Xuq4D9C
4041,pdJX54yDKrdm
4042,sc5Dod0PQbPo
4043,bY0uh8hOLRLw
4044,EoTsliwBDsg1
4045,rhqlVyxz0kSl
4046,Kzv1iAN0YNqB
4047,uaufgxc3wz7V
4048,vYecwm1qxozl
4049,okDrcUEooxqm
4050,Pn2FSCw54GU4
4051,HYGOYuZFTW90
4052,ouVfPzhUYYdN
4053,Dz30hH8ZXzoa
4054,VPS0Wi1RYaXK
4055,SKJ9tk1IeWjn
4056,lroScKHa8ida
4057,tEPTfvQfBz77
4058,svwBCXZhgJgG
4059,DfjkcdcmvUXE
4060,HuZtoVGfers4
4061,FltHxpzEE8i8
4062,6umCJebXIjni
4063,FbCazyvs18gv
4064,Q3orNlEHU0hY
4065,jlOHQbzDTP4u
4066,w0vYCqIE6fDB
4067,E4BSzlJEmsCp
4068,GxHJSmmZA0x8
4069,vLCOsNR3bNTB
4070,pkerFfgyTjfO
4071,tFpKtAq1G5du
4072,DUYtfzVylGW5
4073,G0pMfclF6YsE
4074,HxHC5pIk4N1R
4075,V4xV1rpP82Iy
4076,1i43i8iEgnHb
4077,p4CpGGHYxPCV
4078,nlACrc4b2en6
4079,kHvDdeHhXG1z
4080,oBKk7arH0eqH
4081,od54dxUnGQJZ
4082,rdh4CxV3yNRz
4083,R310yI3Aet2q
4084,s0Zqsa8HpwDW
4085,klrKjlqU4pwo
4086,bu75giJZyOLu
4087,GUihovKE4mto
4088,UEQaq0CPhwgU
4089,MPWdTb438Vr7
4090,f9lKvRu21HV6
4091,LifcHeoZKADI
4092,W0tTRpFZS3LA
4093,9vOtuNNxNo66
4094,GliqafoSjKHl
4095,GatckKk0d4OX
4096,bJQfSyiYdyIi
4097,jSyb1kjsQmoo
4098,3OB9pSuFgN7y
4099,3f3JQH2W78Xq
4100,G7jseTk0mot5
4101,ynFnW1GEpEBA
4102,dLQ2nSiJTuWz
4103,HLnHOjp0kjSr
4104,UzfghC7EJc4y
4105,PgNDeict1SxB
4106,EoRPtRegryix
4107,vNt714s2dO8W
4108,10xZdwM1fM0d
4109,pvCWb0DDC0Su
4110,3JRKaFtKBn6F
4111,b6RrXHk1ouxk
4112,u0cjGlTyD80E
4113,2B0rUrNxMaWi
4114,xBxsybvW2mK1
4115,JWZFpZSOOkX5
4116,q3ZwVcCD9x2O
4117,nbiFTwuXtqdP
4118,f2Hj99An6Anw
4119,3Gz0scqILiGg
4120,G13Svj4MDXPS
4121,wnmgehkvT8IF
4122,GzATJouXPQE3
4123,CK2pQ3oz4MSu
4124,dBnP53BE0S00
4125,PsARAIcWi7cm
4126,lJfCDiBiGKbV
4127,Vhh8h2nQDiQH
4128,FumXCbO117yt
4129,YhFYgXhzn5fP
4130,QjqRf4MS6LLx
4131,tdqvkniG10y1
4132,QLDzsQmThhMv
4133,Lg4DPBh8RT7m
4134,qWzajcejBpOC
4135,XUbqEwyrGT8K
4136,YbAtQk7UssR5
4137,XxuEh6mv1xJh
4138,q9UVrBbjOANZ
4139,NzJ1xQY9Xk7j
4140,cQ5qKSnRnaGt
4141,Gm8eCdHKJzzU
4142,t1bcxAQ9Gttt
4143,Ah5Shg62JPpo
4144,ZwQqRng4C9xU
4145,DvMNfHYzGcLF
4146,GDzDEmVIdXO2
4147,LBHwzePKSBLp
4148,6lqzrF19I0M0
4149,eGUQFf9eNgHa
4150,rrUSYuXbjlUz
4151,LMdSl90on3Sm
4152,WEeqhRFIPtvi
4153,SECKvbNIcE1T
4154,fI4v2pQdR1yu
4155,96QLSuxdgt7L
4156,a34incBFZGy3
4157,kTgiDbzciFIM
4158,aAEiquXTxB1a
4159,qAv5Q3tzHUI0
4160,krzKXZknHieV
4161,0tr3gZf0FlTV
4162,ffjoXJDZ3Rgg
4163,vb9ivhQ4DvTf
4164,h7p4mtTtK8SJ
4165,Ugi8X9lCmZuJ
4166,FHo9JSrK1CPE
4167,0ybddUnxB8ej
4168,xQt9G8dnYwN7
4169,cUy0vC8InAjJ
4170,KPNzYZuAeuvO
4171,Ca7nKZwyb6Tk
4172,kgJNsEBRkh2J
4173,yFoRtCoDQ75d
4174,tZ6r1tmbCjpH
4175,PxEGw9mkpsTZ
4176,wtf4GoW1dcZL
4177,fExRnWMF1Sfp
4178,Pf884fig1Gt8
4179,boYcCOHaWbq9
4180,68z759xAtOt5
4181,2akTCEdxXSfH
4182,ZK03SfrAVlaZ
4183,CA1kakVqFZO9
4184,sqPgaRDEegyo
4185,nMZhZnoE7QCX
4186,yXnMKD7NP9Wk
4187,082Kt7y94IVr
4188,s47cVh9LuXpe
4189,GzeIsMERfebY
4190,VAXCHcJSkKM5
4191,s27Fbm4wLEZq
4192,kbBPehYyfxwf
4193,BZN4fppmOwen
4194,Ft4IlXQGSGpj
4195,nsHA1qwPq0r8
4196,Qj5pDWqRFmOy
4197,PICbk3Q0CJuG
4198,SbqeNG6iPMzq
4199,hdTQDR8N9IpH
4200,ioDOe4BHvbzf
4201,SDlDkDX6AGVI
4202,ZOI9ZIkdqZHw
4203,axNnFzdX15MN
4204,Rq4P3hZmbY9V
4205,rzC7gOetFx17
4206,IEDnbeacvZRy
4207,u22R1fgkFnKX
4208,MpYeGKlZyB1X
4209,tNqZ5W5Yum4q
4210,c7wOfxvaVXu1
4211,mnNrBv6uod1D
4212,jd1ns1nRzSh7
4213,lJHXqeOimyhe
4214,QKqnpvOaNr8n
4215,9p07mqIUoXAO
4216,xyaoyaeS26JN
4217,d2G42FZ7c8Zg
4218,ZA6jNNcRFWgz
4219,dGniJoTZJBHv
4220,eiUCbNOUbPEd
4221,Q6JmkFEDayjB
4222,88gn1XvsA6Qa
4223,XTjYluHAJUWD
4224,kiZNkVM3t0nP
4225,w4JdG7PbIL21
4226,N6tFDqZz5ShT
4227,ZJqQVlkw2H6m
4228,qoAQKcorQzWJ
4229,0GuDejGkFoZx
4230,Jerj1VepnwfH
4231,DXfZwtBMfVgx
4232,kEaLTc9VQG0I
4233,cjssFbYBvvc2
4234,kv0qKjukC0uP
4235,QB5lVHml4OuX
4236,GsUHfcUa2PNu
4237,bDlUpVT87aiE
4238,vsgWXBtE5kgo
4239,aHHtQZChgGvu
4240,f7EZog14VONS
4241,f6GBOWpDHQYB
4242,GeWGbvVKr0Fk
4243,4ArChEFwnia9
4244,l006tF0dzOEg
4245,kQZHiU8a3WHr
4246,RYJn1cks42ig
4247,zOb5KANVRNny
4248,tAhaWB6391CD
4249,6cju2Skmx6CP
4250,0YQbg4koSTV8
4251,NMIpEuQibxCT
4252,ETTuix7RVJqn
4253,BKrQJzX8vwQ7
4254,CZsCxqlrUqMn
4255,2npMEEXV3vcH
4256,xQLDYioidwEX
4257,DnjOBJDynHgp
4258,ciMucX2kSLqL
4259,37rDpqISL3TH
4260,W3WaPa0ui8ug
4261,NpSgU8Uc7y7m
4262,ACHadHVO7msz
4263,VdGuEgKJ7Jo9
4264,ZmbKRjS4Ma4e
4265,YLpiA2UVYtFP
4266,FXEcY4c1ZI4E
4267,bmoAo9sVJyBs
4268,PALDOoktHDYy
4269,0hNbuinpDaTD
4270,BgyQw6n1PiEJ
4271,jiuRVrdD8uuU
4272,z1usokCJUPJ0
4273,Fau4dlIKk3CY
4274,9aMIERkujZ6W
4275,rFFCK2ASjHaK
4276,vMoBfA0qeckG
4277,ujolxwQZQFzr
4278,L4UjI72qJRn3
4279,Vt41vkN0RLB0
4280,alvLvYMDMlyj
4281,2Ozfp5rBcLef
4282,iAxkWcPZQ6em
4283,5BdLGzeJQMel
4284,PnfSpfmtXD2D
4285,TxPE0ukg0O1e
4286,0haNb3mwAXQz
4287,6yLNY0W8IrlR
4288,Ix9CaPiMsGiC
4289,IgWpZwm9bn3X
4290,6T1ZgscppiQm
4291,JrhnFkBLSJjn
4292,QP0BdQfTc3iC
4293,FQwFW52B0cWG
4294,8VO1VprbPHZb
4295,DePmGSlC6ull
4296,XNHptGv6DdQi
4297,ZjFVRbXPGulV
4298,YDXlrNTcCDyT
4299,MVl4kbwxKiMG
4300,rfVy24yAuuaj
4301,FXbNCOYXOHUY
4302,OOaUzJVNhXaZ
4303,Q7oOdCnxIzqe
4304,RivilbsrKBVt
4305,deamAEBmy9in
4306,ThaBOkUioUDx
4307,vkdO3NYg1687
4308,qng7TwESa4LY
4309,2V2NwH8t11Lc
4310,P7BmyuJ7YLsY
4311,32H60cxpidQt
4312,51SBC44CKTyK
4313,bVw5ZtKqeGmx
4314,yeq3jsRGHpYA
4315,D4K84Bah60PQ
4316,etVp6PIIsUgs
4317,6MPTQAgRcS4t
4318,6YVjgGG3W8zV
4319,1s4NskvcOMDh
4320,lvTIXEdH2D5V
4321,wfsJ2PlHAshP
4322,5Pj7tn645zrM
4323,88YkMimDDJ4q
4324,GTejOZ0ZYVp4
4325,e8YuQuKM8R33
4326,7S7kZ0jcMXA2
4327,BJA47OEfTKlu
4328,XOnh8ttP741F
4329,92nOl6fHRH4y
4330,NsbitI7umWdH
4331,mWfLyjgig6Yc
4332,pZO5pY2Nf1Pw
4333,EsiyNIw0E9pJ
4334,LgiaKE7DB9hV
4335,0YO0KygV7QiR
4336,m97ZgTW17GtW
4337,ml8pq6VoH5kE
4338,mxShyzRBwABq
4339,ikoSwBTqjjLH
4340,FuiGDxvxCOPt
4341,zkZ8qDW3F4eR
4342,jsUi9xcYNfOn
4343,Hb8688CMZCBd
4344,vGMTuTRc60Ep
4345,mN0mINrMSJjv
4346,rgDb1D3r8B6Z
4347,cW5fCyWSP0gJ
4348,QYHF2Hk63LjH
4349,Vu77BiT3Ew5u
4350,7qypQq27CIad
4351,E2UZ5P8toTP5
4352,jJsQmIu42Lct
4353,ifYXAYsGs0xx
4354,FgElyO7rVtTP
4355,FmLQ5BpVZOgn
4356,Zh6Ok0zPgjDv
4357,h8fct8IbNJOu
4358,psxXTtVGi1bi
4359,2FBNQuzA5Ebh
4360,22LL2RwgLKtk
4361,78O9bOVsDr9c
4362,RzK3C1qANqxP
4363,npZ2NLQW7Ts7
4364,Kc0IjmqWqBEs
4365,YuVzMg3ezUw7
4366,EH3iaM7OXj8w
4367,05pbk2iXANgZ
4368,IB4WGmqTeoKf
4369,lpJpuJjcQmLG
4370,GdfuTvlNgLwI
4371,YoLLeJ3uLORx
4372,xpO9o2QAdKWR
4373,ZUXbs1BmbpYu
4374,dG97x95Rx6LG
4375,TldwQibMJ30F
4376,Rs2OxfYqVNFl
4377,pu5x7JIWtlFR
4378,nDtYXlsdq2QV
4379,HGFn8RQK0w3C
4380,mBGW6RFjLxQi
4381,6PriFTDchVQk
4382,0Mj6jAAu47YU
4383,LngiY16NhQ7r
4384,TQlnbnceP4sH
4385,5MOJAC8G2s8m
4386,WmpjhcFYfEBQ
4387,6pUj5RgKrVAf
4388,vDMnq9PkOyL1
4389,pTmDOR2b2W0H
4390,4QHNRLkkqIjH
4391,HRtPrZjzjJ1T
4392,Ks1ea042iIn2
4393,32yzzJNK7ciJ
4394,MMs5ieYouKsY
4395,irFPLCJs6kUP
4396,w3ic6LUkNPVN
4397,dSo1cugAWkl2
4398,CKlbpEBIsaQA
4399,oWZYmxwdLA2D
4400,lxWd7HxAGa16
4401,FLAadaDxFRVp
4402,kQotP1LGYI6K
4403,GA8ZnapOI09H
4404,XGoNvEqKPspt
4405,dDCr650Es18W
4406,iP5frrnSFBF0
4407,JlrvLj9EKHRR
4408,thDYee4p30H5
4409,jyD4F4NA8lHy
4410,v6MsIdIFlPnA
4411,FGaivM9u8zpd
4412,TjsjvHTGKf6a
4413,luLJ51nqfwr6
4414,hdOgi9vEuI9Z
4415,kbExllJK8x2a
4416,uE93DXVJa9Oe
4417,iq7AuWcaUKzd
4418,ba3x1zDdQ44R
4419,irFrkPE3i1gQ
4420,O3SohlKq4Cos
4421,9q1jZGp7ALJV
4422,Czxb58oNSJNd
4423,cWkK8Ewy6ifm
4424,IgWwQnngX7do
4425,iDuatZDn6wLx
4426,zrn3nArWfePh
4427,xqprIgIBNpBP
4428,QzpIYLC0NqOj
4429,PwFWlb0fmvHs
4430,qwi9NOPcakpP
4431,6vZRqLRvNRUO
4432,g2bHMN7WMYC7
4433,uttZhbT46NYY
4434,S3xWF4cDCXZ3
4435,HNcC74faJOH9
4436,EHVor4uNHx9X
4437,t3pAoPFL7czs
4438,vcQwumOOvkcK
4439,iuSWFNhg9c7J
4440,XjHMxMfVcdQN
4441,b7q6smp7SPPB
4442,GvVzPal07eia
4443,pnTIVYLAZxoh
4444,EOrBqcebkmd4
4445,TTkuMGJoqXjZ
4446,w3Bwg20iI51a
4447,4t68JcGy5LbI
4448,9hERvfoEhW83
4449,ebnwU3S7djl8
4450,BbJHDHsdyqrq
4451,HcwikbLi3FLs
4452,PekJyiWi5Jqd
4453,oHdMKVAqmcSc
4454,JltoH39WrY1S
4455,g2wK1FPLngFi
4456,SazqKYFVh0Xc
4457,jaPOrasHVqpF
4458,u55pYvx40HQf
4459,BVy1oMSJMSNq
4460,IX8VLUPEF2OA
4461,1RSoCM5066ga
4462,3E1dcfWTp0R4
4463,dsj7zmcAO3sW
4464,I2CdpsBGyLWo
4465,ntthjNaNoRHA
4466,YxS8wtlupUG2
4467,ZFl1aGU1oGff
4468,lE2RcT035y0o
4469,GUirwQv7rrJp
4470,jymmTzLoFsI1
4471,hkNFAXwqyllZ
4472,IjYZJOrNJMth
4473,2s5QOVfM3JcT
4474,GunjhK9eWOky
4475,9zVLARFhPROh
4476,MbbvTSlHxnoN
4477,uQourA3ato2d
4478,bubA28Yxsdo5
4479,WUNszgw390TU
4480,HHI4ikCStcJX
4481,53RZDQMFA7ua
4482,nAc2D65tSrNr
4483,j8OXqM1hks1D
4484,uFcdsAGNN6je
4485,4DXtMG9sDzlS
4486,fxFfSIuhcer1
4487,LHb9cf6NANRf
4488,7Q2oxwOg4GSn
4489,AUEa0onGG1qK
4490,efkU4xjssbJX
4491,yKDDksO4GiNc
4492,R2s8xw60t99p
4493,Wdlnb7Ho6I2u
4494,0hOl4NloZ4cD
4495,cffZwiWDEPIK
4496,3zvSj8gExBGH
4497,oxIWWM6U6xty
4498,szLY4b035eQI
4499,tnbwEtspIBWw
4500,jAL2mG45kQKq
4501,XmUSLWqFwOu5
4502,TZhVuFVsIfB6
4503,hDM6TMNwhgrt
4504,3HzbAoqzJLju
4505,K787xUmDldY5
4506,vPtYvkcMKFWY
4507,3TsE7Pb7DwW8
4508,vbiRCmTNqfVM
4509,JXx5fJjidtcV
4510,ySVhxT90wMg0
4511,PO9eZUXSmfdp
4512,EIz2PgZFeLVw
4513,k9XzDHDN4KUx
4514,Fj5zH084nbgE
4515,sJL6OuwQfW9a
4516,9FGaawYLs9bP
4517,hzAFj1QGfbso
4518,D9phQ95WzXFL
4519,6ZVXo5HvepR5
4520,1jctokDLhSQ8
4521,YWnNAZHbs10K
4522,Pwsrb1AzVRBO
4523,5yJwhbLhqGof
4524,gOoU20Lsolxc
4525,4S1ITKFEDBVr
4526,Lwb14Cm9HDaM
4527,pBF2LRri0RNC
4528,ENRRH55TTeVV
4529,73vBLxguUXBo
4530,4bSI0Hl3JBN9
4531,v9NoHbjYvm49
4532,MWLvdJqMA5At
4533,cLBu4zpHYCbJ
4534,qIWvJqb9Qzlt
4535,ynaVh8rAa1m9
4536,wHh7ajkEzy5H
4537,ddwrR7Dn0x5d
4538,y19RnPFa39ES
4539,nqflXPhF7cpG
4540,AWbmU1B1FYYU
4541,fgdcU2ywDgDk
4542,kTgBGbzsuvFw
4543,Ha2JaAKBWvab
4544,joSuzFYthBax
4545,VzakvW0J1pnA
4546,pYCdA5q5Aume
4547,ujVcGL0OSb5a
4548,u7MLYYjIG5rv
4549,y8pTXTED89m4
4550,EWCLeUdGlZQg
4551,fhcCmnN3kvur
4552,fYUCAZGydjNT
4553,cz7b5UnP2YdJ
4554,76WjKHqA9FMi
4555,RCGIC8MPsOJn
4556,uHDWNLP28Oif
4557,XdgZALAxNqJE
4558,0Lt3idcxLfdY
4559,EgxA2luULBwp
4560,hC7OPMWvPdwn
4561,D4JMqnZd2sIs
4562,ldzTG9osxwVt
4563,AoMdVXjnXhGd
4564,7ssSG3VzVOgq
4565,tTY7hPc69gDF
