,id,name,tel,category,shortAddress,bizhourInfo,menuInfo,star
0,19862383,성수족발,02-464-0425,"['한식', '족발,보쌈']","['서울 성동구', '아차산로7길 7', '동진빌딩 1층 성수족발']",매일 12:00~22:00 명절 휴무,"족발 (특대) 50,000 | 족발 (대) 45,000 | 족발 (중) 40,000 | 소주 4,000 | 맥주 5,000 | 클라우드 드래프트 5,000 | 막걸리 3,000 | 청하 5,000 | 백세주 8,000 | 음료수 2,000 | 공기밥 1,000",4.27
1,38561949,어니언 성수,070-4353-3238,"['음식점', '카페,디저트']","['서울 성동구', '아차산로9길 8', '어니언']",평일 08:00~22:00 last order 21:30 | 주말 10:00~22:00 last order 21:30,"에스프레소 4,300 | 에스프레소 콘파냐 4,800 | 아메리카노 5,000 | 디카페인 커피 5,300 | 플랫 화이트 5,500 | 카페 라떼 5,500 | 카푸치노 5,500 | 이탈리안 카푸치노 5,300 | 바닐라 라떼 6,000 | 어니언 카페 모카 6,800 | 어니언 아인슈페너 6,500 | 딸기 요거트 6,500 | 베네수엘라 초콜렛 라떼 6,800 | 밀크티 6,500 | 패션후르츠 에이드 6,500 | 로즈 에이드 6,500 | 제주 당근 주스 6,300 | 꽃차 6,500 | 패션후르츠 티 6,500 | 로즈 티 6,500",4.39
2,11721256,소문난성수감자탕,02-465-6580,"['한식', '감자탕']","['서울 성동구', '연무장길 45']",매일 00:00~24:00 연중무휴,"감자국식사 7,500 | 감자탕 (소) 25,000 | 감자탕 (중) 28,000 | 감자탕 (대) 38,000 | 뼈추가 9,000 | 포장 (1인분) 10,000",4.35
3,1708120554,소바식당,02-6339-1552,"['일식', '우동,소바']","['서울 성동구', '연무장7가길 6']",매일 11:00~21:00 Break time 15:00~17:00,"전복,단새우 냉소바 13,000 | 단새우 냉소바 11,000 | 전복 냉소바 12,000 | 한우양지온면(특) 12,000 | 성게알덮밥(中) 18,000 | 연어덮밥 9,000 | 백명란덮밥 9,000 | 모듬고로케 9,000 | 타마고멘치카츠 9,000 | 게딱지장 덮밥 8,000 | 왕새우튀김 6,000",4.31
4,34572827,자그마치,070-4409-7700,"['음식점', '카페,디저트']","['서울 성동구', '성수이로 88']",매일 11:00~23:00 라스트오더:22시30분,"에스프레소 5,000 | 아메리카노 5,000 | 카페라떼 5,500 | 플랫화이트 5,000 | 모카라떼 6,000 | 말차라떼 7,000 | 얼그레이 프렌치 블루 7,000",4.28
5,1778707941,탐광,070-8869-3333,"['일식', '일식당']","['서울 성동구', '연무장5가길 26']","매일 11:30~21:00 15시~17시 쉬는시간/20시30분 마지막주문/예약불가/신정, 설당일&전날, 추석당일&전날 휴무","가츠동 9,000",4.27
6,36813148,라화쿵부 건대점,02-462-7778,"['중식', '중식당']","['서울 광진구', '아차산로30길 42', '1~2층']",매일 00:00~24:00,"마라탕 100g(5000원부터) 1,650 | 마라샹궈 100g 3,000 | 매운가재볶음 30,000 | 소고기야채쌀국수 8,000 | 완자야채쌀국수 8,000 | 양고기야채쌀국수 8,000 | 야채쌀국수 8,000 | 해물쌀국수 10,000 | 볶음면 8,000 | 볶음밥 7,000 | 훈둔 6,000 | 고기만두 7,000",4.53
7,1147099064,텐동식당,02-6339-0309,"['일식', '덮밥']","['서울 성동구', '연무장5가길 20-1', '1층']",매일 11:00~21:00 Break time 15:00~17:00,"스페셜텐동 15,000 | 에비텐동 13,000 | 아나고텐동 12,000 | 이까 텐동 11,000 | 치킨 가라아게동 10,000 | 기본텐동 9,000 | 참깨 연두부 샐러드 2,000 | 모듬 덴뿌라(2人) 22,000 | 치킨가라아게(5p) 8,000 | 양파카레 3,000",4.1
8,1092567422,텅플래닛,02-498-1113,"['음식점', '카페,디저트']","['서울 성동구', '성수이로 82', '2층']",월요일 11:00~21:00 | 화요일 11:00~21:00 | 수요일 11:00~21:00 | 목요일 11:00~23:00 | 금요일 11:00~23:00 | 토요일 11:00~23:00 | 일요일 11:00~21:00,"텅 시그니처 8,000 | 텅 아메리카노 5,500 | 텅 이모지케이크 12,000 | 텅 쿠키 3,000 | 텅 라떼 6,000 | 텅 자몽 에이드 7,000 | 텅 청사과 에이드 7,000 | 텅 복숭아 에이드 7,000 | 텅 커피 블렌디드 8,000 | 텅 요거트 블렌디드 7,500 | 텅 베리 블렌디드 7,500 | 텅 레이어드 케이크 13,000 | 텅플래닛 머랭 9,000 | 텅 팝파이 9,000 | 텅 콤마 7,000 | 텅 쿼트 7,000 | 텅 피리어드 7,000",4.59
9,1505851325,굿갓레스토랑 성수역점,010-3748-2497,"['음식점', '양식']","['서울 성동구', '연무장길 41-22', '2층 201호']",평일 11:30~21:30 15:00~17:00 last order 20:50 | 토요일 11:30~21:30 브레이크타임 x last order 20:50 | 일요일 11:30~21:00 브레이크타임 x last order 20:30 | 공휴일 11:30~21:30 브레이크타임 x last order 20:50,"등심팬스테이크 19,000 | 매콤 명란 오일 파스타 15,000 | 소고기크림 리조또 15,000 | 리코타 발사믹 그린 샐러드 8,000 | 양갈비등심안심모듬팬 32,000",4.52
10,742676592,마를리,02-467-0303,"['카페,디저트', '케이크전문']","['서울 성동구', '연무장길 47', '홍원빌딩']",매일 09:00~23:00,"아메리카노 4,000 | 밀차라떼 5,500 | 레몬차 6,000 | 얼그레이 6,000 | 리얼초코렛 5,500 | 아보카도 사과주스 7,000",4.4
11,37408586,핑거팁스,070-4232-0805,"['음식점', '햄버거']","['서울 성동구', '연무장7가길 5-1', '1층']","평일 11:30~21:00 Break Time 15:00~17:30, Lunch last by 14:30, Dinner last by 20:30 | 주말 12:00~21:00 Break Time 16:00~17:00, Lunch last by 16:00, Dinner last by 20:30 | 공휴일 12:00~21:00 Break Time 16:00~17:00, Lunch last by 16:00, Dinner last by 20:30","치즈인덱스버거 7,900 | 미들버거 8,900 | 링버거 9,900 | 썸버거 10,900 | 미트볼 7,500 | 스파이시 버거보울 14,500 | 포테이토 머쉬룸 스프 6,500 | 씨저샐러드 8,500",0
12,1469201439,르프리크,02-2054-0119,"['음식점', '햄버거']","['서울 성동구', '연무장5길 9-16', 'B103호 LE FREAK']",매일 11:30~21:00 월요일 휴무 / BREAK TIME (15:00~17:30) / 런치 11:30~15:00 (라스트오더 14:30) / 디너 17:30~21:00 (라스트오더 20:30),"Signature 9,800 | Chat Potato 6,500",4.39
13,1655086560,칙피스 성수점,02-2054-0248,"['양식', '샌드위치']","['서울 성동구', '연무장5길 9-16', '블루스톤타워 1층 101호']",매일 11:30~21:00 Last Order 8:30PM,"팔라펠 버거 (Falafel Burger) 6,000 | 더 비건 버거 (The Vegan) 8,000 | 오믈렛 버거 (Omelette) 8,000 | 치킨 샤와르마 (Chicken Shawarma) 8,000 | 감자튀김 (French Fries) 4,000 | 오리지널 허무스 (Original Hummus) 5,000 | 사비흐 허무스 (Sabich Hummus) 7,000 | 통구이 콜리플라워 (Whole Roasted Cauliflower) 9,900 | 샥슈카 램/치킨 (Shakshuka Lamb/Chicken) 변동가격(업주문의) | 팔라펠 샐러드 (Falafel Salad) 6,000 | 더 비건 샐러드 (The Vegan Salad) 8,000 | 사비흐 샐러드 (Sabich Salad) 9,000 | 오믈렛 샐러드 (Omelette Salad) 10,000 | 아보카도 샐러드 (Avocado Salad) 10,000 | 치킨 샐러드 (Chicken Salad) 8,000 | 램케밥 샐러드 (Lamb Kebab Salad) 10,000 | 그릴 쉬림프 샐러드 (Grilled Shrimp Salad) 10,000 | 부채살 샐러드 (Flat Iron Steak Salad) 11,000 | 연어 스테이크 샐러드 (Salmon Steak Salad) 13,000 | 치킨 라이스 (Chicken Rice) 9,900 | 램케밥 라이스 (Lamb Kebab Rice) 10,900 | 부채살 라이스 (Flat Iron Steak Rice) 12,900 | 그릴 쉬림프 라이스 (Grilled Shrimp Rice) 10,900 | 팔라펠 라이스 (Falafel Rice) 9,900",4.49
14,548365578,글로우,070-5097-5506,"['카페,디저트', '카페']","['서울 성동구', '아차산로9길 20', '1층 글로우']","평일 09:00~22:00 신정, 구정, 추석 당일 휴무 | 주말 10:00~22:00","루나바닐라 5,500 | 칵테일(논알콜) 3종 5,500 | 필터커피 5,000 | 버터스카치(시그니쳐) 5,500 | 플랫그린(시그니쳐) 5,500 | 단호박크림라떼 5,500 | 시나모니(시그니쳐) 5,500 | 에이드 6,500",4.42
15,1920277706,잠수교집 성수점,02-465-0434,"['한식', '돼지고기구이']","['서울 성동구', '아차산로 137', '1층 잠수교집']",매일 11:30~23:00 연중무휴,"냉동 삼겹살 13,000 | 청국장 7,000 | 얼큰순두부 7,000 | 맑은명란탕 9,000 | 명품명란쌈장 6,000 | 옛날깻잎국물떡볶이 8,000 | 볶음밥 4,000 | 파김치 3,000 | 미나리 2,500 | 꽈리고추 2,500 | 미나리+꽈리 세트 3,000",4.45
16,1909731083,kuna,010-8008-1028,"['음식점', '이탈리아음식']","['서울 성동구', '연무장5길 9-16', '105호']",월요일 17:00~22:00 | 평일 12:00~22:00 | 토요일 12:00~22:00 | 일요일 12:00~20:00 | 매일 15:00~17:00 Break Time,"바질페스토 파스타 19,000 | 포르치니와 4가지 버섯 베이컨 크림 뇨끼 19,000 | 부라타 16,000 | 그라브락스 리코타 18,000 | 크리스피하게 구운 문어 23,000 | 가지 라자냐 21,000 | 가지 튀김 12,000 | 이탈리안식 멘보샤 13,000 | 로브스터 먹물 뇨끼 29,000 | 오리 가슴살 스테이크 30,000",4.65
17,37699752,미아논나,02-2054-0111,"['양식', '샌드위치']","['서울 성동구', '연무장5길 9-16', '블루스톤타워 104호']",평일 08:00~20:00 | 주말 11:00~19:00 | 목요일 휴무,"후무스캐롯 12,000 | VERY 이탈리안 10,000 | 아메리카노 3,800",4.48
18,34203618,매운향솥,02-6461-0016,"['중식', '중식당']","['서울 광진구', '동일로18길 61']",매일 11:30~23:30 연중무휴,"홍소퓨전해물볶음 15,000 | 농가고기볶음 12,000 | 마늘오징어머리 12,000 | 깐풍기 12,000 | 라조기 12,000 | 향라육사 12,000 | 경장육사 12,000 | 어향육사 12,000 | 천향돼지고기볶음 12,000 | 깐밴육사 12,000 | 향라감자볶음 12,000 | 홍소갈비 11,000 | 크림새우 11,000 | 깐풍새우 11,000 | 청경채새우볶음 11,000 | 바지락볶음 11,000 | 퓨전두부요리 10,000 | 백김치당면볶음 10,000 | 지삼선 9,000 | 토마토계란볶음 9,000 | 마파두부 7,000 | 건두부볶음 7,000 | 오이소고기무침 12,000 | 파단두부 10,000 | 가정식냉채 7,000 | 오이양장피 7,000 | 오이무침 7,000 | 해물두부탕 9,000 | 토마토계란탕 6,000 | 쏸라탕 6,000 | 해물볶음면 7,000 | 볶음면 6,000 | 온면 6,000 | 가지볶음밥 6,000 | 계란볶음밥 5,000 | 냉면 5,000 | 물만두 5,000 | 꿔바로우 11,000",4.39
19,13564309,라구뜨,02-2218-5770,"['음식점', '뷔페']","['서울 광진구', '능동로 90', '더클래식500 B동 3층']",평일 07:00~21:30 | 토요일 07:00~21:30 | 일요일 07:00~21:00 | 공휴일 07:00~21:00,"주중/주말 아침뷔페(07:00~10:00) 성인 22,000 | 주중 점심 뷔페(12:00~14:30) 성인 49,500 | 주중 저녁 뷔페(18:00~21:30) 성인 62,000 | 주말·공휴일 뷔페 성인 65,000",4.52
20,1797520528,이오로비스트로,02-498-0702,"['음식점', '퓨전음식']","['서울 성동구', '연무장5길 18', '1층']","매일 11:00~21:30 브레이크타임 15:30-17:00/ 라스트오더 20:30/금,토,일 및 공휴일 예약불가","매콤명란파스타 13,900 | 명란새우크림파스타 13,900 | 야끼대창파스타 13,900 | 바질페스토새우 파스타 14,900 | 참치노리마끼 14,900 | 지라시스시 19,900 | 부타규동 10,900 | 김치대창필라프 11,900 | 타마고야끼만두 6,500 | 타마고산도 7,500 | 연어주먹초밥 8,500 | 문어치킨과 감자튀김 12,900 | 특사케동 13,900 | 연어우니동 17,900 | 참치우니동 18,900",4.4
21,1321493330,카페온화 성수,02-461-0031,"['음식점', '카페,디저트']","['서울 성동구', '아차산로 78', '1층']",매일 11:00~23:00 라스트오더 22:00,"벌집수플레 20,000 | 플레인수플레 16,000 | 딸기수플레 19,000 | 만다린수플레 18,000 | 핸드드립 온 5,900 | 핸드드립 화 5,900 | 싱글오리진 7,000 | 아메리카노 5,900 | 카페라떼 6,500 | 오레그랏세 6,500 | 아인슈페너 7,500 | 밀크티 7,500",4.28
22,37383920,성수닭칼,02-461-1312,"['한식', '닭요리']","['서울 성동구', '연무장3길 21']",매일 11:00~22:30,"닭한마리 28,000 | 닭다리 칼국수 8,500 | 닭도리탕 27,000 | 해신칼국수 16,000 | 닭개장칼국수 8,500 | 바지락칼국수 8,500 | 닭가슴살국수 8,500",4.33
23,13152569,경성양육관,02-467-6880,"['중식', '양꼬치']","['서울 광진구', '동일로18길 52']",매일 11:30~02:30 연중무휴,"양꼬치 13,000 | 탕수육 15,000 | 크림새우 15,000 | 가지튀김 13,000 | 고급양갈비 25,000 | 양갈비살 15,000 | 양목살꼬치 18,000 | 양힘줄 14,000 | 마라갈비꼬치 15,000 | 소갈비꼬치 16,000 | 양깃머리 18,000 | 소염통줄기 12,000 | 소떡심 12,000 | 메추리 8,000 | 닭똥집 12,000 | 왕새우 15,000 | 마라탕 8,000 | 향라육슬 12,000 | 어향육슬 12,000 | 경장육슬 12,000 | 궁보육정 15,000 | 마라소고기채 18,000 | 중경고추닭고기 15,000 | 소고기고추볶음 18,000 | 매운양깃머리볶음 18,000 | 마파두부 8,000 | 고추건두부볶음 10,000 | 백김치당면볶음 12,000 | 계란부추볶음 8,000 | 계란토마토볶음 12,000 | 지삼선 12,000 | 어향가지볶음 12,000 | 쯔란염통줄기 12,000 | 향라대하 15,000 | 칠리새우 15,000 | 송화단두부무침 8,000 | 오이무침 8,000 | 오이양장피무침 10,000 | 새우청경채볶음 15,000 | 마라쑈룽쌰 35,000 | 마라향솥 25,000 | 굴소스마늘시금치 13,000 | 굴소스송이버섯 13,000 | 라즈지딩 15,000 | 고추닭발 15,000 | 쯔란소고기 18,000",4.63
24,1707013381,잇샐러드,070-8118-1751,"['도시락,컵밥', '다이어트,샐러드']","['서울 성동구', '성수일로8길 28', '1층']",매일 11:00~21:00,"ENERGIZER 12,900 | GLOWING SKIN 13,900 | STRESS RELEASE 12,900 | RICE SALAD 11,900 | REFRESH 12,900 | CLASSIC CHICKEN CAESAR 11,900 | VEGAN LIFE 12,900 | FOUR SEASONS 12,900",4.36
25,1665312349,토라식당,070-8736-6141,"['일식', '일식당']","['서울 성동구', '연무장7가길 6-1', '지하 토라식당']",평일 11:30~14:00 | 평일 18:00~23:30 | 토요일 11:30~14:30 첫째/셋째 휴무 | 토요일 18:00~22:00 | 일요일 휴무,"모듬사시미 35,000 | 흑돼지 돈까스 8,000 | 한우 타타키 폰즈 25,000 | 후토마끼 10,000 | 계절 사시미 변동가격(업주문의)",4.44
26,1727881210,레몬그라스,010-4459-7022,"['음식점', '태국음식']","['서울 성동구', '연무장길 41-26', '1층']",목요일 11:30~21:30 (Break: 3-5시) | 수요일 11:30~21:30 (Break: 3-5시) | 금요일 11:30~21:30 (Break: 3-5시) | 주말 12:00~22:00 (Break: 3-5시) | 화요일 휴무 | 월요일 휴무,"Yum Som Rut 8,000 | Green Curry 14,000 | Shrimp Pad Thai 13,000 | Mango Sticky Rice 7,000 | Som Tam 9,000",4.44
27,19934752,차이나플레인 성수점,02-2205-2477,"['중식', '중식당']","['서울 성동구', '아차산로 113', '삼진빌딩 2층']",평일 11:30~22:00 Break Time 15:00~17:00 / L. Last Order 14:30 / D. Last Order 20:50 | 주말 11:30~21:00 Break Time 15:00~17:00 / L. Last Order 14:30 / D. Last Order 19:20,"탕수육 25,000 | 꿔바로우(R) 17,000 | 블랙페퍼 소고기 40,000 | 반반 중새우 [칠리,크림] (10pcs) 40,000 | 삼선누룽지탕 38,000 | 류산슬 36,000 | 양장피 38,000 | 유린기 / 깐풍기 / 라조기 28,000 | 짜장면 7,000 | 삼선짬뽕 9,000 | 새우볶음밥 9,000 | 수제군만두 (5pcs) 10,000 | 매운짜장면 8,000 | 해물볶음짜장면 10,000 | 삼선우동 9,000 | 삼선 백짬뽕 10,000 | 차돌 짬뽕 11,000",4.25
28,1994519280,다포케,070-8836-7872,"['도시락,컵밥', '다이어트,샐러드']","['서울 성동구', '연무장길 41']",금요일 11:30~21:00 15:00~16:00 브레이크타임입니다 | 목요일 11:30~21:00 15:00~16:00 브레이크타임입니다 | 수요일 11:30~21:00 15:00~16:00 브레이크타임입니다 | 화요일 11:30~21:00 15:00~16:00 브레이크타임입니다 | 월요일 11:30~21:00 15:00~16:00 브레이크타임입니다 | 평일 11:30~21:00 15:00~16:00 브레이크타임입니다 | 토요일 11:30~20:30,"하와이안클레식포케 8,800 | 와사비마요참치포케 8,800 | 유자폰즈연어포케 9,800 | 스파이시크림연어포케 9,800 | 미소연어포케 9,800 | 빅아일랜드포케 10,800 | 갈릭쉬림프포케 9,800 | 오렌지두부포케 7,800 | 데리야끼 치킨포케 8,800",0
29,1030871168,Scene,02-468-2122,"['음식점', '카페,디저트']","['서울 성동구', '연무장5길 20']",매일 09:00~22:00 1층 카페 쎈느 영업시간 입니다 | 매일 12:00~19:00 2층 편집매장 영업시간입니다,"에스프레소 5,000 | 아메리카노 5,000 | 라떼 6,000 | 비프 밤 샌드위치 15,000 | 그릴드 머쉬룸 치킨 샌드위치 11,000 | 카야 오믈렛 샌드위치 12,000 | 시저 샌드위치 11,000 | 그릴드 에그 치킨 샌드위치 12,000",4.25
30,1739440199,꿉당 성수점,02-465-6564,"['한식', '돼지고기구이']","['서울 성동구', '성수이로20길 10', '경협회관 104호']",매일 16:30~23:20 10월까지 일요일휴무,"목살 15,000 | 꿉살 18,000 | 럭키짱 고추장파스타 8,000 | 코쿠미쌀밥 3,000",4.3
31,1509451621,카페 포제,070-8830-5994,"['음식점', '카페,디저트']","['서울 성동구', '연무장9길 7']","매일 11:00~21:00 구정, 추석 당일 휴무","Espresso 4,500 | Americano 5,000 | Latte 5,500 | Flat White 5,500 | Espresso Cream 6,500 | Cold Brew Cream Coffee 6,000 | Orange Lemon Ade 6,500 | Choco 6,000 | Tea 5,500 | Milk Tea 6,500 | Vanilla Latte 6,000 | Mocha 6,500 | Brewing 7,000 | The Barn Berlin 250g Retails 27,000",0
32,559063824,그리드채플린,02-6463-6200,"['술집', '맥주,호프']","['서울 성동구', '아차산로7길 15-1', '효정빌딩']",평일 16:00~03:00 | 주말 16:00~01:00 | 공휴일 16:00~01:00 명절당일 휴무,"그리드플래터 29,000 | NEW BLT 버거 12,000 | 갈릭치킨 디아볼라 피자 16,000 | 빼쉐 14,500 | 치플레 샐러드 13,000 | 리코타샐러드 13,500",0
33,32302447,프랑스포차,02-3144-9191,"['술집', '요리주점']","['서울 성동구', '연무장5가길 20']",매일 17:30~02:00 | 일요일 17:30~24:00,"슈크르트 23,000 | 브이야베스 29,000 | 꼬꼬뱅 27,000 | 도피노아즈 18,000",4.65
34,1482957888,해만식당,02-6053-0309,"['일식', '덮밥']","['서울 성동구', '연무장9길 10']",매일 11:00~21:00 Break time 15:00-17:00,"아나고동 16,000 | 쇼유에비동 10,000 | 쇼유사케동 11,000 | 에비사케동 12,000 | 낫또장 4,000 | 낫또동 9,000 | 등심카츠 10,000 | 안심카츠 11,000 | 모듬고로케 6,000",0
35,1950372928,사위식당 성수점,02-2054-0110,"['한식', '곱창,막창,양']","['서울 성동구', '연무장5길 9-16', '블루스톤타워 지하 1층 B102호']",매일 11:00~22:00 | 매일 15:00~17:00 브레이크타임,"낙곱새 11,000 | 한우대창덮밥 10,000 | 낙삼새 11,000 | 낙새 11,000 | 장모님 왕만두 4pcs 6,000 | 12곡 미숫가루 밀크 (500ml병) 6,000 | 동래부추전 12,000 | 사리 2,000 | 추가메뉴 8,000 | 대게다릿살 튀김 (5pcs) 6,000",4.63
36,11833999,페스타마레 건대본점,02-497-9982,"['이탈리아음식', '스파게티,파스타전문']","['서울 광진구', '동일로20길 114', '2층 페스타마레']",매일 11:30~21:30 연중무휴,"알리오올리오 8,000 | 크림감자뇨끼 11,000 | 갈릭스테이크 23,500 | 바바큐삼겹스테이크 15,500 | 루꼴라&삼겹스테이크 15,500 | 빠네 크랩 12,500 | 빠네 포르마지오 12,500 | 빠네로제씨푸드 12,500 | 봉골레 비앙코 9,000 | 마레 올리오 10,000 | 아라비아따 8,500 | 쉬림프 로제 9,500 | 쥬빠빠쉐 10,000 | 스위트 토마토 7,500 | 봉골레루소 9,000 | 후레쉬 모짜렐라 9,000 | 페스타마레 10,000 | 삼겹살토마토스튜 9,000 | 고르곤졸라&스테이크 스파게티 12,500 | 까르보나라 8,000 | 새우크림 9,500 | 핫치킨크림 8,000 | 크랩 9,500 | 로제스테이크 12,500 | 갈릭 포테이트 13,500 | 케이준 치킨텐더 13,500 | 고구마 13,500 | 리코타치즈 피자 14,000 | 디아볼라/페페로니크림/마르게리따/풍기 피자 13,000 | 고르곤졸라 피자 11,000 | 데리삼겹 철판 라이스 8,000 | 치킨 데리야끼 그라탕 9,000 | 아라비아따 그라탕 9,000 | 라자냐 11,000 | 부라타치즈피자 16,500 | 부라타포모도로 12,500 | 라비올리&리가토니 11,000 | 라구리가토니 10,000",4.69
37,1307370869,스피닝울프 성수,02-465-0884,"['술집', '바(BAR)']","['서울 성동구', '연무장7길 11', '11층']",평일 11:00~00:00 월~금 | 토요일 17:00~00:00 Dinner Menu만 운영 | 일요일 휴무,"성수의여유 15,000 | Carat 15,000",0
38,1552139393,로스트인내추럴,070-4175-6933,"['술집', '와인']","['서울 성동구', '연무장5가길 32', '2층']",수요일 18:00~00:00 | 목요일 18:00~00:00 | 금요일 18:00~01:00 | 토요일 18:00~01:00 | 일요일 18:00~00:00,"감자와플 12,000 | 오리가슴살 28,000 | 태운 파프리카 파스타 18,000",4.3
39,17931160,황금어장,02-466-8806,"['한식', '생선회']","['서울 성동구', '아차산로 96', '신성빌딩']",평일 15:00~24:00 | 일요일 휴무,"회덮밥 10,000 | 알탕 25,000 | 전어회 30,000",4.37
40,1142621888,스시메이진 건대점,02-2218-3922,"['음식점', '일식,초밥뷔페']","['서울 광진구', '능동로 92', '롯데백화점 9층']",매일 11:30~09:00,"평일런치 17,900 | [오픈특가]평일런치 16,900 | 평일디너 22,900 | [오픈특가]평일디너 20,900 | 주말및공휴일 22,900 | [오픈특가]주말및공휴일 21,900 | 37개월-7세 7,900 | 초등학생(8세-13세) 10,900",4.19
41,13558042,권식족발,02-465-8516,"['한식', '족발,보쌈']","['서울 성동구', '아차산로7길 4']",금요일 12:00~23:00 12시영업시작 | 목요일 12:00~23:00 12시영업시작 | 수요일 12:00~23:00 12시영업시작 | 화요일 12:00~23:00 12시영업시작 | 토요일 13:00~23:00 오후1시영업시작 | 일요일 13:00~23:00 오후1시영업시작 | 월요일 12:00~23:00,"반반왕족발 중 35,000 | 매운왕족발 중 34,000 | 영양왕족발 중 33,000 | 매운미니족발 26,000",4.46
42,1343525582,카페 봇봇봇,02-499-9219,"['음식점', '카페,디저트']","['서울 성동구', '아차산로9길 8']","평일 10:00~22:00 <둘째, 넷째 월요일 휴무> | 주말 10:00~22:00","로맨슈페너 BOT 6,500 | 드립 시그니처 블렌드 BOT 5,000 | 과테말라 우에우에테낭고 SHB 6,500 | 콜드브루 아메리카노 4,500 | 콜드브루 라떼 5,000 | 콜드브루 바닐라라떼 5,500 | 라임모히또 BOT 9,000 | 레드라이징 BOT 9,000 | 티라미수 BOT 8,000 | 말차쇼콜라 BOT 8,000 | 트리플 치즈 크로와상 10,000 | 과카몰리 치즈 치아바타 11,000 | 풀드포크 치아바타 12,000 | 7 레이어 딥&나초 12,000",4.36
43,12966607,송화양꼬치,02-462-7826,"['중식', '양꼬치']","['서울 광진구', '동일로18길 70']",매일 11:00~02:00,"오리지널양꼬치(10꼬치) 15,000 | 송화양꼬치(10꼬치) 13,000 | 양갈비살(10꼬치) 15,000 | 소꼬치(10꼬치) 15,000 | 고급양갈비(300g) 25,000 | 꿔보러우 10,000 | 가지튀김 10,000 | 닭똥집(10꼬치) 13,000 | 새우(8개) 13,000 | 돼지심장(10꼬치) 13,000 | 소떡심(10꼬치) 13,000 | 닭날개(6개) 13,000 | 어향육슬 15,000 | 향라육슬 15,000 | 경장육 15,000 | 어향가지 15,000 | 돼지고기튀김 15,000 | 지삼선 15,000 | 수주육편 18,000 | 마라닭날개 15,000 | 라즈지 15,000 | 고구마맛탕 15,000 | 단콩볶음 15,000 | 백김치당면 15,000 | 감자볶음 10,000 | 파소라무침 25,000 | 삼선누룽지탕 15,000 | 삼선가지튀김 18,000 | 아스파라거스새우볶음 18,000 | 유린 18,000 | 우유대하 18,000 | 칠리새우 18,000 | 새우살튀김 18,000 | 홍소우리위 28,000 | 소배필수육 18,000 | 마늘청경채 10,000 | 새우살청경채 15,000 | 청경채표고버섯 15,000 | 부추계란볶음 10,000 | 토마토계란볶음 10,000 | 철판소고기 20,000 | 철판명란 20,000 | 번데기볶음 18,000 | 매운소양볶음 15,000 | 개구리다리튀김 18,000 | 쯔란양고기 15,000 | 마라대하 18,000 | 매콤바지락 15,000 | 마라쪽갈비 18,000 | 깐풍기 18,000",4.48
44,1432336976,도렐 육지3호점,02-516-3675,"['카페,디저트', '카페']","['서울 성동구', '연무장7길 11', '1층 도렐']",평일 08:00~21:00 | 공휴일 11:00~21:00,"캐그 4,500 | 너티클라우드 6,000",4.43
45,36999376,위풍당당족발 성수점,02-465-3323,"['한식', '족발,보쌈']","['서울 성동구', '성수일로8길 53', '성수동복합시설']",매일 11:30~23:00 브레이크타임 4시~5시,"족발(소) 25,000 | 족발(중) 30,000 | 족발(대) 35,000 | 직화 불족발(소) 27,000 | 직화 불족발(중) 32,000 | 직화 불족발(대) 37,000 | 족발+직화 불족발(소) 27,000 | 족발+직화 불족발(중) 32,000 | 족발+직화 불족발(대) 37,000 | 꿀마늘 족발(소) 27,000 | 꿀마늘 족발(중) 32,000 | 꿀마늘 족발(대) 37,000 | 냉채족발 40,000 | 족보세트(소) 40,000 | 족보세트(중) 50,000 | 족보세트(대) 60,000 | 보쌈(소) 25,000 | 보쌈(중) 30,000 | 보쌈(대) 35,000 | 과일막국수 10,000 | 불껍데기 10,000",4.13
46,1892684299,쓰리오브어스,02-461-1233,"['술집', '바(BAR)']","['서울 성동구', '연무장길 41-18', '1층']","매일 18:00~00:00 매주 일요일 2,4주 월요일 휴무입니다. | 매일 11:30~14:30 런치","Fried avocado 12,000 | Steamed beef rice paper roll 10,000 | Fish steak 28,000 | Natural wine 70,000",4.31
47,1229698740,대박낙소 성수점,02-3499-4496,"['육류,고기요리', '소고기구이']","['서울 성동구', '성수일로10길 26', '상가동 1층']",매일 10:00~22:30,"프리미엄 1등급 생소고기 무한리필 22,900 | 프리미엄 1등급 생소고기 +장어무한  24,900 | 프리미엄 1등급 생소고기 +낙지무한 27,900 | 프리미엄 1등급 생소고기 +토마호크 (3~4)기준 1회제공 29,900 | 토마호크 단품 69,000 | 직화낙지볶음 9,000 | 불고기전골 9,000 | 돼지김치전골 7,000 | 우삼겹된장전골 7,000 | 물/비빔냉면 7,000",4.11
48,1525698477,에버스시 성수점,02-3499-4288,"['일식', '초밥,롤']","['서울 성동구', '성수일로10길 26', '201호 에버스시&사시미']",매일 11:30~21:30 준비시간 15:00-17:00,"직화그릴 모듬 불초밥 20,000 | 회전초밥 모든접시 1,800 | 오늘의 초밥(12pcs) 14,000 | 특선초밥(14pcs) 18,000 | V.I.P 스페셜 초밥 25,000 | 광어초밥(12pcs) 17,000 | 광어+생연어초밥 16,000 | 생연어초밥 11,500 | 생연어+연어불초밥 15,000 | 와규등심불초밥 18,000 | 활어회덮밥 11,000 | 연어덮밥(사케동) 11,000 | 장어구이덮밥 18,000 | 오늘의 생선회 35,000 | 스페셜  사시미 35,000 | 특선 생선회 55,000 | 광어회 중(250g) 29,000 | 광어회 대(400g) 45,000 | 생연어회 25,000 | 광어+연어회 29,000 | 참치대뱃살 사시미(12pcs) 35,000 | 김치나베우동 10,000 | 김치돈까스나베 14,000 | 관자버터구이 20,000 | 치킨가라아게 16,000 | 미니소바 3,000 | 미니우동 3,000 | 돌솥알밥 5,000 | 새우치스 불초밥 15,000 | 연어샐러드 3,000",0
49,30821696,신사소곱창 성수점,02-466-5047,"['육류,고기요리', '곱창,막창,양']","['서울 성동구', '아차산로 90', '이화장']",매일 17:00~00:30 월-일,"소곱창 17,900 | 소대창 17,900 | 소막창 17,900 | 모듬곱창 18,900 | 볶음밥 3,000 | 멸치국수 4,000 | 염통 10,000 | 간천엽 5,000 | 감자, 떡사리 3,000",4.24
50,1112754194,송화산시도삭면 2호점,02-468-7826,"['중식', '중식당']","['서울 광진구', '아차산로30길 33']",매일 12:00~24:00,"새우아스파라거스 딤섬 8,000 | 삼색딤섬 8,000 | 군만두 딤섬 7,000 | 황금꽃빵 5,000 | 삼선춘권 9,000",4.38
51,1488397647,보이어,070-4866-5995,"['음식점', '양식']","['서울 성동구', '연무장길 14-2', '1층']",토요일 12:00~23:00 | 금요일 12:00~23:00 | 목요일 12:00~23:00 | 수요일 12:00~23:00 | 화요일 12:00~23:00 | 월요일 휴무 | 일요일 휴무 | 매일 15:00~18:00 브레이크타임,"런치 세트 16,000 | 런치 알리올리오 16,000 | 런치 코코넛커리 16,000 | 런치 더치팬케이크 16,000 | 은대구파스타 24,000 | 어란파스타 23,000 | 스테이크 200g 44,000",4.41
52,37077195,모리티아,02-460-8733,"['카페,디저트', '카페']","['서울 성동구', '아차산로5길 10', '1층 모리티아']",금요일 08:00~21:00 | 목요일 08:00~21:00 | 수요일 08:00~21:00 | 화요일 08:00~21:00 | 월요일 08:00~21:00 | 공휴일 09:30~19:00 | 토요일 09:30~19:00,"바닐라라떼 5,300 | 오레몬티 6,000 | 로얄밀크티 5,000 | 딸기요모리치노 5,800 | 딸기타르트 3,000 | 크림콜드브루 5,800 | 초코딸기 파운드 4,500 | 레몬파운드 4,500",0
53,37472501,렁팡스,02-465-7117,"['음식점', '프랑스음식']","['서울 성동구', '연무장길 106']",매일 12:00~23:00 Break time 3시부터 6시 | 월요일 휴무 건물 재건축으로 12월 31일까지 영업합니다 감사합니다 | 일요일 휴무 건물 재건축으로 12월 31일까지 영업합니다 감사합니다,"clam pasta 21,000 | mushroom pasta 23,000 | steak 45,000 | lunch set 16,000 | 돼지등심스테이크 29,000",4.65
54,1393890643,로우키,,"['음식점', '카페,디저트']","['서울 성동구', '연무장3길 6']",평일 11:00~21:00 | 토요일 12:00~21:00 | 일요일 13:00~18:00,"에스프레소 4,000 | 아메리카노 4,000 | 카페라떼 4,000 | 바닐라라떼 4,500 | 카라멜라떼 5,000",4.66
55,1389336969,이태리차차,02-465-8893,"['음식점', '이탈리아음식']","['서울 성동구', '연무장길 14-5', '이태리차차']",평일 11:30~22:00 15:00~17:00 Break Time | 주말 12:00~22:00 16:00~17:00 Break Time,"pizza,pasta 변동가격(업주문의)",4.45
56,1825879809,나누리잡화점,02-467-0344,"['술집', '맥주,호프']","['서울 성동구', '연무장길 47', '1층']",토요일 17:30~01:00 | 평일 17:30~01:00 | 일요일 17:30~24:00,"국산병맥주 500ml 4,500 | 소주 4,500 | 수입병맥주 5,500 | 제주맥주 7,000 | 먹태 13,000 | 버터바지락술찜 17,000 | 옛날치킨 15,000 | 명란버터구이 13,000 | 골뱅이무침 15,000 | 삼겹두루치기 15,000 | 스팸계란후라이 13,000",4.39
57,1031247842,TMH,010-4632-5202,"['음식점', '카페,디저트']",,매일 11:00~20:00,"에스프레소 4,000 | 아메리카노 4,000 | 라떼 5,000 | 모카 5,000 | 바닐라 라떼 5,000 | 초코 5,000 | 밀크티 5,000 | 레몬에이드 5,000 | 진저티 5,000 | 필터 커피 (핸드 드립) 변동가격(업주문의)",4.05
58,1797938572,스테이터 건대씨지브이점,02-497-7977,"['음식점', '스테이크,립']","['서울 광진구', '아차산로30길 26', 'Cgv 건대 2층']",금요일 11:30~22:00 15:30~17:00 breaktime 라스트오더:15:00/20:50 | 목요일 11:30~22:00 15:30~17:00 breaktime 라스트오더:15:00/20:50 | 수요일 11:30~22:00 15:30~17:00 breaktime 라스트오더:15:00/20:50 | 화요일 11:30~22:00 15:30~17:00 breaktime 라스트오더:15:00/20:50 | 월요일 11:30~22:00 15:30~17:00 breaktime 라스트오더:15:00/20:50 | 일요일 11:30~22:00 주말은 breaktime 없습니다   | 토요일 11:30~22:00 주말은 breaktime 없습니다  ,"서로인스테이크+플래터 15,000 | 와규 스테이크+플래터 18,500 | 드라이에이징 스테이크+플래터 18,500 | 스페셜컷 스테이크+플래터 19,500",4.59
59,1655366654,오팔,02-466-1311,"['음식점', '한식']","['서울 성동구', '연무장7가길 1']",매일 17:00~01:00 | 일요일 휴무,"대창덮밥 13,000 | 전복장 덮밥 13,000 | 육회 창난젓갈 덮밥 12,000 | 차돌대창 국밥 13,000 | 차돌대창 중화면 13,000 | 전복내장 파스타 14,000 | 명란로제 고로케 6,000 | 한우 육회 따르따르 21,000 | 불 돼지꼬리 볶음 13,000 | 전복장&명란구이 18,000 | 명란구이 9,000 | 허니로얄 8,000 | 하이볼 9,000 | 솔송주 18,000 | 오메기술 16,000 | 경기문배주 16,000 | 서울매실원주 12,000 | 김포특주 8,000 | 화요토닉세트 29,000 | 진로 5,000 | 테라 5,000 | 투뿔육회 창난 덮밥 12,000 | 차돌 대창 중화면 13,000 | 투뿔한우육회 21,000",4.63
60,1355487760,마카오도우라오,02-464-8808,"['중식', '중식당']","['서울 광진구', '아차산로30길 26']",매일 10:00~22:00,"무한리필 샤브샤브(평일 런치)/ 1인 15,000 | 무한리필 샤브샤브/ 1인 20,000 | 한우 무한리필 샤브샤브/ 1인 30,000 | 초등학생 무한리필 샤브샤브/ 1인 15,000 | 미취학아동 무한리필 샤브샤브/ 1인 10,000",0
61,36331720,교촌치킨 성수역점,02-497-1991,"['음식점', '치킨,닭강정']","['서울 성동구', '아차산로7길 10-1', '1층']",매일 12:00~24:00 연중무휴,"교촌후라이드(한마리) 15,000 | 교촌허니오리지날 15,000 | 교촌허니스틱 18,000 | 교촌허니콤보 18,000 | 교촌오리지날(한마리) 15,000 | 교촌스틱 17,000 | 교촌윙(날개+봉) 17,000 | 교촌콤보 17,000 | 교촌레드오리지날 16,000 | 교촌레드스틱 18,000 | 교촌레드윙 18,000 | 교촌레드콤보 18,000 | 교촌살살치킨 16,000 | 교촌소이살살 16,000 | 교촌라이스세트 19,000",4.43
62,1339090923,일일향 성수10호점,02-462-2777,"['음식점', '중식당']","['서울 성동구', '성수일로6길 47', '2층']",매일 11:30~21:30 명절 당일 휴무,"옛날짬뽕 8,000 | 짜장면 7,000 | 육즙돼지고기탕수육 28,000 | 어향동고 37,000 | 전가복 74,000 | 가지튀김 35,000 | 옛날볶음밥+계란후라이 8,000 | 대게살볶음 48,000 | 광동샥스핀 53,000 | 깐풍기 30,000 | 멘보샤 35,000 | 유린기 30,000 | 특품냉채 63,000",0
63,270473240,스타벅스 성수역점,1522-3232,"['카페,디저트', '카페']","['서울 성동구', '성수이로 94']",일요일 09:00~21:30 | 월요일 07:00~22:30 | 화요일 07:00~22:30 | 수요일 07:00~22:30 | 목요일 07:00~22:30 | 금요일 07:00~22:30 | 토요일 08:00~21:30,"토피 넛 라떼 5,800 | 토피 넛 팝콘 트리 프라푸치노 6,500 | 캐모마일 릴렉서 6,100 | 다크 초콜릿 6,100 | 카페 아메리카노 4,100 | 카페 라떼 4,600 | 디카페인 카페 라뗴 4,900 | 오늘의 커피 3,800 | 스타벅스 돌체 라떼 5,600 | 카라멜 마키아또 5,600 | 카푸치노 4,600 | 카페 모카 5,100 | 화이트 초콜릿 모카 5,600 | 콜드 브루 4,500 | 자몽 허니 블랙 티 5,300 | 아이스 자몽 허니 블랙 티 5,300 | 망고 바나나 블렌디드 6,300 | 에스프레소 프라푸치노 5,100 | 자바 칩 프라푸치노 6,100",0
64,48987185,쿵푸소룽샤&마라룽샤,02-463-8898,"['중식', '중식당']","['서울 광진구', '동일로18길 37', '1층']",매일 11:30~23:30,"마라룽샤 32,000 | 마라샹궈 25,000 | 마라카오위 35,000 | 마라탕 8,000 | 매운라조기 15,000 | 가재새우세트 35,000 | 마라새우 32,000 | 마라광어찜 38,000 | 마라룽샤해산물모듬 大 68,000 | 마라룽샤해산물모듬 中 48,000 | 크림새우 18,000 | 사천식육편 18,000 | Set1(마라룽샤+꿔바로우+계란볶음밥+면사리or음료) 49,000 | Set2(마라새우+꿔바로우+계란볶음밥+면사리or음료) 49,000 | Set3(마늘룽샤+꿔바로우+계란볶음밥+면사리or음료) 52,000 | Set4(특가재+꿔바로우+계란볶음밥+면사리or음료) 52,000 | Set5(가재 새우 반반+꿔바로우+계란볶음밥+면사리or음료) 52,000",0
65,1525007973,레이더,02-6080-3929,"['음식점', '카페,디저트']","['서울 성동구', '연무장길 39-29', '레이더']",매일 11:00~22:00,"아메리카노 5,000 | 라떼 5,500 | 바닐라크림바닐라 6,500 | 파운드 4,500 | 치즈 케이크 6,000 | 애플크럼블 5,500 | 브라우니 쿠키 4,000 | 오미자 에이드 6,500 | 콜드브루 6,000 | 티 6,000 | 판나코타 7,000 | 청포도 모히또 6,500 | 자몽 에이드 6,500 | 오레오 치즈 케이크 6,500",4.31
66,37756177,orer,02-462-0018,"['음식점', '카페,디저트']","['서울 성동구', '연무장길 18']","매일 11:00~23:00 (Last Order 22:30)1F/2F | 매일 13:00~20:00 2F, point of view | 매일 13:00~20:00 월요일휴무,3F | 매일 12:00~19:00 월요일휴무, NEXTDOOR, ODE To SWEET","아메리카노 5,500 | 오르그레이 7,500 | 포씨캐롯 7,500 | 더레이어케이크 7,500 | 캬바레케이크 7,500 | 카페라떼 6,000 | 플렛화이트 5,500 | 밀크티 7,000 | 메도우/카페인프리 7,000",4.28
67,1345808765,달구벌반점,070-8621-1658,"['중식', '중식당']","['서울 성동구', '아차산로13길 37', '2층']",평일 11:00~22:00 월~금 | 토요일 11:00~17:00 | 일요일 휴무,"불고기 짜장면 6,000 | 불고기 짬뽕 8,000 | 짜장면 5,000 | 짬뽕 6,000 | 중화비빔밥 7,000",4.17
68,33704135,PEER COFFEE ROASTERS,02-474-1464,"['카페,디저트', '카페']","['서울 성동구', '광나루로4가길 24', '1층 피어커피']",금요일 10:00~17:00 | 목요일 10:00~17:00 | 수요일 10:00~17:00 | 화요일 10:00~17:00 | 월요일 10:00~17:00 | 일요일 12:00~20:00 공휴일 12:00 ~ 20:00 | 토요일 12:00~20:00 공휴일 12:00 ~ 20:00,"에스프레소 5,000 | 아메리카노 4,500 | 브루잉커피 6,000",4.65
69,1418691530,포지티브 제로 라운지,02-462-5994,"['술집', '바(BAR)']","['서울 성동구', '연무장길 14-2', '지하1층']",월요일 휴무 | 화요일 휴무 | 수요일 19:00~01:00 | 목요일 19:00~01:00 | 금요일 19:00~01:00 | 토요일 19:00~01:00 | 일요일 19:00~01:00,"Whiskey 변동가격(업주문의) | Wine 변동가격(업주문의) | Cheese Board 16,000",4.57
70,781346048,스시메이 성수역점,02-466-4918,"['일식', '초밥,롤']","['서울 성동구', '연무장7길 7-1', '린빌딩 2층']",평일 11:30~22:00 14시30분~17시30분 브레이크타임 | 공휴일 11:30~22:00 브레이크타임 없음 | 토요일 11:30~22:00 브레이크타임 없음 | 일요일 휴무,"메이초밥 10,000 | 특메이초밥 15,000 | 일품메이 19,000 | 스페셜연어광어 33,000 | 연어초밥 13,000",4.51
71,17924427,제주국수,02-466-8687,"['한식', '국수']","['서울 성동구', '성수이로 118']",매일 11:00~24:00,"고기국수 8,000",4.31
72,1023260028,FAVOR,02-2205-4122,"['음식점', '카페,디저트']","['서울 성동구', '연무장길 41-22', '101호 FAVOR']",평일 10:00~21:00 | 토요일 10:00~21:00 | 일요일 10:00~18:00,"ESPRESSO 4,000 | AMERICANO 4,000 | LATTE 4,000 | POUR OVER 변동가격(업주문의)",4.49
73,1469921031,이로우,02-6953-7448,"['술집', '이자카야']","['서울 성동구', '연무장길 12', '1층']",토요일 17:00~01:00 | 목요일 17:00~01:00 | 금요일 17:00~01:00 | 수요일 17:00~01:00 | 화요일 17:00~01:00 | 월요일 17:00~01:00 | 일요일 17:00~00:00,"모둠사시미 29,000 | 레드(매콤) 가라아게 18,000 | 블랙(흑임자) 가라아게 18,000 | 미즈타키나베(닭고기전골) 23,000 | 차돌박이 참깨나베 23,000 | 차돌박이 숙주볶음 20,000 | 마구로 육회 23,000 | 소고기(채끝살) 타다끼 25,000 | 레몬크림새우 20,000 | 문어간장구이 15,000 | 수제 모찌리도후 10,000",4.35
74,1223354536,BNHR,070-4175-6118,"['음식점', '카페,디저트']","['서울 성동구', '연무장5길 9-16', '1층']",평일 10:00~21:00 | 공휴일 12:00~22:00 | 주말 12:00~22:00,"BNHR COFFEE 6,000 | SUMMER LATTE 6,500 | 에스프레소 5,000 | 아메리카노 5,000 | 라떼 5,500 | 바닐라라떼 6,000 | 써머라떼 6,800",0
75,1633038938,라무진 성수점,010-9976-3389,"['음식점', '양갈비']","['서울 성동구', '아차산로7길 28', '1층 20호']",매일 17:00~00:00,"양갈비 27,000",4.53
76,11574647,안주나라,02-466-2702,"['음식점', '술집']","['서울 광진구', '동일로18길 23']",매일 17:00~04:30 연중무휴,,4.59
77,31398030,봉자마라탕,02-499-8889,"['중식', '중식당']","['서울 광진구', '동일로18길 22']",매일 11:00~24:00,"찹쌀탕수육 13,000 | 삼색야채볶음 12,000 | 향라육슬 13,000 | 어향육슬 12,000 | 궁빠지딩 15,000 | 어향가지볶음 12,000 | 탕고기가지볶음 13,000 | 매운새우볶음 18,000 | 곱창볶음 16,000 | 조개볶음 12,000 | 매운닭고기 25,000 | 돼지간볶음 12,000 | 마라돼지의간 12,000 | 건두부볶음 10,000 | 경장육슬 15,000 | 즈란양고기 15,000 | 즈란염통줄기 13,000 | 건두부데쳐서무침 10,000 | 토마토계란볶음 10,000 | 송화단두부 10,000 | 쇠고기피망볶음 15,000 | 물에익힌돼지고기 15,000 | 매운소천엽볶음 13,000 | 갈비배추절임 15,000 | 갈비당통볶음 15,000 | 볶음산시량피 7,000 | 건두부무침 10,000 | 양고기마라탕 10,000 | 마라탕 6,000 | 마라면 6,000 | 마라무침 6,000 | 단단면 6,000 | 매콤새콤단면 6,000 | 마라면무침 7,000 | 산시량피 6,000 | 볶음면 6,000 | 양주계란볶음 6,000 | 훈둔 6,000 | 물만두 6,000 | 충칭샤브샤브 35,000 | 마라향궈 大 30,000 | 마라향궈 小 25,000",0
78,19800091,라 파밀리아,02-2218-5750,"['음식점', '이탈리아음식']","['서울 광진구', '능동로 90', '더클래식500 A동 6층']",평일 12:00~01:00 | 토요일 12:00~23:00 일요일 휴무,"빠네 파스타 28,000 | 블랙 타이거 새우와 포르치니 버섯 리조또 25,000 | 봉골레 파스타 22,000 | 까르보나라 파스타 22,000",4.47
79,1352986568,이공족발 건대점,02-466-2028,"['육류,고기요리', '족발,보쌈']","['서울 광진구', '아차산로30길 26', 'CGV 건대입구점 1층']",평일 15:00~23:00 | 주말 12:00~23:00,"무한족발 13,900 | 무한족발+비빔국수 15,900 | 비빔국수 4,000",4.28
80,13574840,천수곱창,02-499-0006,"['한식', '곱창,막창,양']","['서울 성동구', '아차산로 96', '신성빌딩']",평일 13:00~01:00 연중무휴 | 주말 12:00~24:00 공휴일 포함,"모둠곱창 대(4인분) 70,000 | 모둠곱창 중 (3인분) 60,000 | 모둠곱창 소(2인분) 50,000 | 양구이 1인분 33,000 | 막창구이 1인분 25,000 | 염통구이 1인분 13,000 | 양볶음밥 2인기준 20,000 | 일반 볶음밥 2인기준 4,000 | 점심특선북어회냉면 8,000 | 점심특선물냉면 8,000 | 점심특선콩국수 8,000",4.4
81,1982397795,호랑이 초밥,02-498-4499,"['일식', '초밥,롤']","['서울 성동구', '아차산로7길 14']",매일 11:30~22:00 브레이크타임 15:00~17:00,"런치호랑이모듬 9,000 | 런치호랑이특 14,000 | 호랑이모듬 10,000 | 호랑이특모듬 15,000 | 호랑이특상(도로포함) 20,000 | 사시미2인 20,000 | 사시미3~4인 38,000 | 도로초밥 20,000 | 오도로사시미 26,000 | 주도로사시미 24,000 | 차돌폭탄짬뽕 16,000 | 2인셋트A 30,000 | 2인세트B 36,000 | 올리브연어아보카도 18,000 | 연어+광어 14,000",0
82,38276096,타논55,02-467-1330,"['음식점', '태국음식']","['서울 성동구', '연무장5가길 7', '현대테라스타워 1층 109호']",매일 11:30~22:00 일요일 휴무 | 매일 15:00~17:00 브레이크 타임,"태국쌀국수 8,000 | 느아뚠 쌀국수 9,500 | 똠양 쌀국수 9,500 | 카오소이 9,500 | 태국 쌀국수 & 카오팟 세트 9,500 | 뿌팟퐁 커리 덮밥 12,000 | 무텃 23,000 | 쁠라텃 13,000 | 스프링롤(6pcs) 6,000 | 팟타이 12,000 | 팟씨유센렉 9,500 | 태국식 돈까스 무텃 커리밥 12,000 | 카오팟 7,500 | 꿍팟퐁 커리 23,000 | 무까타 15,000 | 샤브샤브+삼겹살 15,000 | 샤브샤브+타논와규 20,000 | 샤브샤브+타논로스 20,000 | 샤브샤브+항정살 15,000 | 샤브샤브+소막창 15,000 | 샤브샤브+모듬해물 15,000 | 샤브샤브+타논목살 15,000 | 모듬야채추가 4,000 | 쌀국수면 추가 2,000 | 우동면 추가 2,000",0
83,11864410,매화반점,02-462-1939,"['중식', '중식당']","['서울 광진구', '동일로18길 96']",매일 11:30~03:00 연중무휴,"양꼬치 (1인분) 14,000 | 중국식 탕수육 10,000 | 가지볶음 8,000 | 크림새우 15,000 | 경장육슬 10,000 | 유림기 13,000 | 양갈비 24,000 | 새우청경채 12,000 | 버섯청경채볶음 10,000 | 닭고기강정 12,000 | 명태고니알볶음 12,000 | 우룡해삼 25,000 | 사천소라고동 20,000 | 대파해삼볶음 20,000 | 데친소라고동 21,000 | 전가복 28,000 | 마라전복 24,000 | 팔보해물볶음 26,000 | 양고기샤브샤브 30,000 | 깐풍기 12,000 | 철판고니알볶음 14,000 | 소염통줄기볶음 12,000 | 철판소고기볶음 12,000 | 소양볶음 10,000 | 향라오징어 16,000 | 삐풍라즈기 20,000 | 대파소고기볶음 10,000 | 향라새우 18,000 | 어향육슬 10,000 | 즈란양고기볶음 12,000 | 어향가지 10,000 | 고수돼지고기볶음 11,000 | 궁보따이즈 23,000 | 마라가이바시 15,000 | 사천맛새우 18,000 | 해물가지만두 15,000 | 고추육슬볶음 13,000 | 청양소고기볶음 10,000 | 라즈기 13,000 | 동파육 20,000 | 남유기 15,000 | 등심튀김 10,000 | 개구리다리튀김 12,000 | 궁보두부 14,000 | 유림오리 17,000 | 붉은양념돼지고기 10,000 | 향라크랩 20,000 | 깐쇼우새우 12,000 | 사천마라돼지고기 12,000",4.22
84,1623093702,낙원관,02-469-1616,"['중식', '중식당']","['서울 성동구', '연무장7가길 10', '1층']",매일 11:00~22:00 라스트오더 21:00 | 매일 15:30~17:00 BREAK TIME | 일요일 휴무,"낙원짬뽕 8,000 | 짜장면 6,000 | 중화비빔밥 9,000 | 탕수육 12,000 | 유린기 18,000",4.41
85,1879202437,성수부두,010-7939-0978,"['한식', '조개요리']","['서울 성동구', '연무장길 41-26', '지하 1층']",일요일 휴무 | 목요일 14:00~00:00 | 수요일 14:00~00:00 | 화요일 14:00~00:00 | 월요일 16:00~00:00 | 토요일 14:00~01:00 | 금요일 14:00~01:00,"조개구이 2인 41,900 | 조개찜 2인 41,900",4.43
86,1716744205,가조쿠,02-466-2177,"['일식', '우동,소바']","['서울 성동구', '연무장길 31-2', '1층']",매일 11:00~20:00 15:00-17:00 브레이크타임 | 평일 11:00~20:00 15:00-17:00 브레이크타임,"온소바 9,000 | 냉소바  9,000 | 가조쿠소바 11,000",4.32
87,1054620608,내풀로,010-6855-7854,"['음식점', '양식']","['서울 성동구', '연무장7가길 5']",일요일 12:00~23:00 Break time 15:00~17:00 | 토요일 12:00~23:00 Break time 15:00~17:00 | 금요일 12:00~23:00 Break time 15:00~17:00 | 목요일 12:00~23:00 Break time 15:00~17:00 | 수요일 12:00~23:00 Break time 15:00~17:00 | 화요일 12:00~23:00 Break time 15:00~17:00 | 월요일 휴무,"새우토마토파스타 12,000 | 먹물리조또 12,000",4.4
88,1792311620,써브웨이 성수역점,02-497-2800,"['음식점', '샌드위치']","['서울 성동구', '아차산로 113']",매일 08:00~22:00,"K-바비큐 6,000 | 얼터밋 6,500 | 써브웨이 멜트 5,900 | 비엘티 5,200 | 미트볼 5,200 | 햄 4,700 | 참치 4,800 | 로스트 치킨 5,900 | 터키 5,200 | 베지 3,900 | 스테이크 & 치즈 6,500 | 스파이시 이탈리안 5,700 | 치킨데리야끼 5,700 | 세트 메뉴 추가 1,900 | 블랙 포레스트햄 & 에그, 치즈 2,900 | 웨스턴, 에그 & 치즈 2,900 | 베이컨, 에그 & 치즈 2,900 | 스테이크, 에그 & 치즈 3,900 | 해쉬브라운 1,200 | 샐러드 1,700 | 브로콜리 & 체더치즈 수프 2,900 | 베이컨 포테이토 수프 2,900 | 더블 초코칩 쿠키 1,000 | 초코칩 쿠키 1,000 | 오트밀 레이즌 1,000 | 라즈베리 치즈케익 1,000 | 화이트 초코 마카다미아 1,000 | 웨지 포테이토 1,500 | 웨지 세트 추가 2,400 | 쉬림프 5,700 | Cheesy 웨지 포테이토 2,000 | Bacon Cheesy 웨지 포테이토 2,300 | 로티세리 바비큐 치킨 5,900 | 터키 베이컨 아보카도 6,500 | 풀드포크 5,900 | 에그마요 4,300 | 쉬림프 에그마요 랩 5,000 | 치킨 베이컨 미니 랩 2,900 | 스테이크 & 치즈 아보카도 랩 5,700 | 이탈리안 비엠티 5,200 | 써브웨이 클럽 5,700 | 치지 갈릭 미트볼 6,200",0
89,38276234,중경소면관,02-462-7712,"['중식', '중식당']","['서울 광진구', '아차산로30길 42']",매일 11:00~23:00,"짜장면 7,000 | 쇠고기소면 8,000 | 중경소면 6,000 | 청탕소면 6,000 | 건류면 6,000 | 단단면 6,000 | 곱창소면 8,000 | 소곱소면 8,000 | 동북양장피 16,000 | 건두부무침 8,000 | 감자무침 8,000 | 두부피단무침 8,000 | 탕수육 18,000 | 돼지등뼈조림 15,000 | 고기튀김가지볶음 15,000 | 매운가재볶음 30,000 | 매운소우족 18,000 | 매운해링구볶음 22,000 | 갈비당콩볶음 16,000 | 철판소고기 20,000 | 매운쪽갈비 18,000 | 매운싹뼈볶음 18,000 | 돼지곱창볶음 16,000 | 건고추소고기볶음 18,000 | 즈란양고기 18,000 | 홍소갈비 18,000 | 즈란심관 18,000 | 어향육슬 15,000 | 경장육슬 15,000 | 향라육슬 15,000 | 백김치당면볶음 13,000 | 옥수수잣볶음 13,000 | 고구마맛탕 13,000 | 마라두부 10,000 | 지삼선 15,000 | 어향가지 15,000 | 향라대하 22,000 | 고추건두부볶음 10,000 | 소고기장조림 18,000 | 고기만두 7,000 | 삼선만두 8,000 | 훈둔 6,000 | 물만두 6,000 | 량피 6,000 | 볶음밥 7,000 | 볶음면 8,000 | 흑미 고구마 꽈배기 1,500 | 흑미 페스츄리 쿠키 6개 3,000 | 설탕 페스츄리 쿠키 6개 3,000 | 계란빵 6개 3,000",0
90,37569036,와하카,02-462-7292,"['음식점', '멕시코,남미음식']","['서울 성동구', '성수일로12길 29']",토요일 12:00~22:00 Last order 21:00 | 일요일 12:00~22:00 Last order 21:00 | 월요일 휴무 매주월요일 휴무 | 화요일 11:30~22:00 break time 15:00-17:00/Last order 21:00 | 수요일 11:30~22:00 break time 15:00-17:00/Last order 21:00 | 목요일 11:30~22:00 break time 15:00-17:00/Last order 21:00 | 금요일 11:30~22:00 break time 15:00-17:00/Last order 21:00,"TACO 6,000 | BURRITO(medium size) 7,500 | ENCHILADA 13,000 | CHILI CHEESE FRIES 11,000 | NACHO GRANDE 11,000 | CHIPS & GUACAMOLE 10,000 | CHIMICHANGA 15,000",0
91,37179672,동대문엽기떡볶이 성수점,02-465-8591,"['음식점', '분식']","['서울 성동구', '아차산로7길 28', '11호']",금요일 10:30~01:10 포장.배달 | 목요일 10:30~01:10 포장.배달 | 수요일 10:30~01:10 포장.배달 | 화요일 10:30~01:10 포장.배달 | 월요일 10:30~01:10 포장.배달 | 주말 10:30~22:00 홀 포장 배달,"엽기떡볶이 14,000 | 엽기오뎅 14,000 | 엽기반반 14,000 | 2인떡볶이 9,000 | 엽기닭볶음탕 24,000 | 국물닭발 15,000 | 참숯 뼈없는 닭발 15,000 | 참숯 통닭발 14,000 | 참숯 닭날개 14,000 | 오돌뼈 14,000 | 야채볶음닭발 15,000 | 돼지석쇠불고기 14,000 | 불똥집 14,000 | 주먹김밥 2,000 | 계란찜 2,000",0
92,21037807,이북집 찹쌀순대 성수점,02-464-2270,"['한식', '순대,순댓국']","['서울 성동구', '성수이로20길 10', '101호']",매일 00:00~24:00 365일 연중 무휴,"순대국밥 8,000 | 아바이순대 15,000 | 회냉면 9,000 | 이북집정식 14,000 | 섞어접시 6,000 | 한접시(고기/순대) 6,000 | 함흥물냉면 8,000 | 술국+오소리감투Set 35,000 | 술국+수육Set 39,000 | 야채찹쌀순대 14,000",0
93,31186491,고향양꼬치,02-498-3618,"['중식', '양꼬치']","['서울 광진구', '동일로18길 101']",평일 11:30~01:00 | 일요일 11:30~24:00,"양꼬치 200g 13,000 | 양갈비살 200g 15,000 | 꿔바오러우 10,000 | 고향고급양갈비 300g 22,000 | 가지튀김 10,000 | 마파두부 8,000 | 마라룽샤 35,000 | 소갈비살 200g 15,000 | 새우청경채볶음 10,000 | 깐쇼새우 12,000 | 크림새우 12,000 | 향라새우 15,000 | 마라썅꿔 15,000 | 부추고기볶음 10,000 | 부추계란볶음 10,000 | 토마토계란볶음 10,000 | 갈비강콩 15,000 | 깐양 13,000 | 경장육슬 10,000 | 어향육슬 10,000 | 향라육슬 13,000 | 찌차이펀(잡채) 12,000 | 지삼선 10,000 | 가지볶음 10,000 | 해물누룽지탕 15,000 | 유린기 12,000 | 쯔란염통줄기 13,000 | 매운바지락볶음 15,000",0
94,1162612437,세광양대창 성수점,02-464-4201,"['한식', '곱창,막창,양']","['서울 성동구', '아차산로 122']",매일 12:00~00:00 24:00 마감,"대창구이 (200g) 13,000 | 막창구이 (180g) 13,000 | 특양구이 (130g) 19,000 | 소갈비(220g) 23,000 | 채끝등심(150g) 36,000 | 곱창전골 17,000 | 양볶음밥(2인 분량) 13,000 | 김치우동 7,000 | 냉면(물/비빔) 7,000 | 계란찜 3,000 | [점심특선메뉴] 낙지볶음 8,000 | [점심특선메뉴] 불낙전골 9,000 | [점심특선메뉴]냉면(물/비빔) 7,000",4.37
95,38479092,코야코즉석떡볶이,02-464-2712,"['분식', '떡볶이']","['서울 성동구', '성수이로 113', '빌딩']",평일 11:30~21:30 일요일휴무 | 토요일 11:30~21:30 일요일휴무,"즉석밀떡볶이 5,000 | 즉석가래떡떡볶이 5,500",0
96,37910759,해룡마라룽샤,02-462-4009,"['중식', '중식당']","['서울 광진구', '동일로18길 36', '도시엔']",매일 12:00~24:00 마감: 23:50분,"2인분 세트(룽샤or매운새우+꿔바로우+볶음밥+음료수1) 49,000 | 3인분 세트(룽샤or매운새우+꿔바로우+토마토계란볶음+마라탕+볶음밥+음료수1) 69,000 | 4인분 세트(룽샤or매운새우+매운바지락+꿔바로우+마라탕+볶음밥+맥주1+음료수1) 79,000 | 6인분 세트(룽샤+매운새우+매운바지락+꿔바로우+마라탕+볶음밥2+맥주1+음료수1) 109,000 | 룽샤(마라룽샤·쨩샹룽샤) 35,000 | 매운 새우 32,000 | 매운 꽃게 30,000 | 생선구이 38,000 | 향라새우 18,000 | 꿔바로우 15,000 | 경장육사 15,000 | 향라육사 15,000 | 어향육사 15,000 | 매운천엽볶음 15,000 | 쯔란혈관 15,000 | 라조육 15,000 | 쯔란양고기 18,000 | 매운바지락 18,000 | 해물누룽지탕 15,000 | 수주육편 16,000 | 마라샹궈 28,000 | 매운갈비 18,000 | 마라탕 8,000 | 삼겹살볶음 18,000 | 가지볶음 12,000 | 토마토계란볶음 12,000 | 지삼선 120,000 | 쯔란감자 8,000 | 마파두부 8,000 | 건두부볶음 8,000 | 부추계란볶음 10,000 | 감자채볶음 8,000 | 토마토계란탕 8,000",0
97,1204635344,성수명당,070-8833-3227,"['술집', '요리주점']","['서울 성동구', '연무장19길 10', '1층']",평일 17:00~02:00 | 토요일 17:00~02:00 | 일요일 17:00~01:00,"고등어 봉초밥 19,000 | 생참치 김밥 20,000 | 해산물 떡볶이 15,000 | 베이컨 크림 파스타 21,000 | 국내산 통삼겹 김치찜 22,000 | 생연어 사시미 33,000 | 김치볶음밥 15,000 | 더오프라인샵 스테이크 43,000 | 쥐포튀김 5,000 | 멜론과 프로슈토 14,000 | 바지락 미나리전 22,000 | 라구 딸리아뗄레 19,000",0
98,1131975557,에그드랍 성수역점,02-499-8162,"['양식', '샌드위치']","['서울 성동구', '아차산로7길 9-2', '1층']",평일 08:30~21:00 | 주말 09:00~21:00,"미스터에그 2,900 | 아메리칸햄치즈 3,600 | 베이컨더블치즈 3,900 | 데리야끼바베큐 4,400 | 아보홀릭 4,600 | 타마고산도 3,900 | 갈릭 베이컨 치즈 4,400 | 사케라또 2,900",4.27
99,1133097237,room dxyz,010-6837-6865,"['술집', '바(BAR)']","['서울 성동구', '연무장9길 4', '3층']","금요일 18:00~24:00 일,월,화 휴무 | 목요일 18:00~24:00 일,월,화 휴무 | 수요일 18:00~24:00 일,월,화 휴무 | 토요일 14:00~24:00","타이거 맥주 6,000 | 조롱하이 7,000 | 보자보자 하니끄 7,000 | 띤또 7,000",0
100,38321427,소성공자 샤브샤브,02-461-9888,"['중식', '중식당']","['서울 광진구', '동일로18길 17']",매일 12:00~24:00,"홍탕 15,000 | 토마토탕 8,000 | 홍백탕 13,000 | 샤브세트A 소고기세트 33,000 | 샤브세트B 양고기+생새우완자세트 44,000 | 샤브세트C 고품격 바비인형소고기 세트 55,000 | 양고기 10,000 | 양갈비살 12,000 | 소고기 10,000 | 소갈비살 13,000 | 매운소고기 12,000 | 무뼈닭발 6,000 | 소고기완자 10,000 | 모듬 버섯 8,000 | 마라소룽샤 32,000 | 꿔바우로 15,000 | 쯔란 양(소)고기 볶음 15,000 | 쯔란 신관 볶음 15,000",4.75
101,1143331246,큐베이커,02-467-8510,"['카페,디저트', '베이커리']","['서울 성동구', '아차산로 83']",매일 10:00~21:00 last order 20:30,"말차라떼 6,000 | 레몬에이드 6,000 | 카푸치노 5,500 | 라떼 5,500 | 시나몬 크로핀 2,800",4.51
102,1017625819,허씨 정통중경마라샹궈,010-2882-3387,"['중식', '중식당']","['서울 광진구', '아차산로30길 17']",매일 10:30~23:30,"꿔바로우 11,000 | 마라샹궈 100g 2,500 | 마라탕 (야채) 100g 2,000 | 마라탕 (고기, 완자) 100g 2,500 | 마라쇼룽샤 35,000 | 깐쇼새우 14,000",0
103,37748060,아키야마,010-8647-2762,"['술집', '이자카야']","['서울 성동구', '아차산로7나길 18']",평일 11:30~13:30 오전 | 평일 18:00~01:30 오후 | 토요일 18:00~02:00 | 일요일 휴무 | 공휴일 18:00~02:00,"4종사시미 25,000 | 연어사시미 20,000 | 6종숯불모듬꼬치 18,000 | 도미머리구이 18,000 | 도미머리조림 22,000 | 해물크림짬뽕 19,000 | 나가사키해물나베 18,000 | 스키야키 24,000 | 콘치즈구이 10,000 | 치킨가라게 13,000 | 금태구이 18,000",4.49
104,1924517400,청주한씨,070-4086-0933,"['음식점', '한식']","['서울 성동구', '연무장길 41-22', '지하 1층']",매일 18:00~22:30 일요일은 휴무입니다,"청주한씨 술상 35,000 | 열기구이 15,000 | 삼치구이 16,000 | 브리치즈구이 15,000 | 노가리구이 12,000",4.5
105,1921874344,오프커피,010-3004-0039,"['음식점', '카페,디저트']","['서울 성동구', '연무장길 29-17', '1F 오프커피']",토요일 12:00~22:00 | 금요일 12:00~22:00 | 목요일 12:00~22:00 | 수요일 12:00~22:00 | 화요일 12:00~22:00 | 일요일 12:00~20:00,"아메리카노 3,500 | 오프화이트 4,700 | 오프아이스 5,500 | 허니밀크 4,900 | 초콜렛밀크 4,900 | 바질레몬슬러쉬 5,900 | 바질레몬젤라또150cc 5,700 | 레몬젤라또150cc 5,300 | 레몬젤라또350cc 12,000 | 토마토마리네이드 4,900 | 크림치즈브레드 5,500 | 에그 2,700",0
106,1259420360,업사이드커피,070-7799-7579,"['음식점', '카페,디저트']","['서울 성동구', '연무장13길 3']",금요일 08:00~20:00 | 목요일 08:00~20:00 | 수요일 08:00~20:00 | 화요일 08:00~20:00 | 월요일 08:00~20:00 | 토요일 12:00~20:00 | 일요일 12:00~20:00,"해방촌커피 6,000 | 성수커피 6,000 | 뚝섬커피 6,000 | 아메리카노 4,000",4.52
107,13153336,명봉반점,02-498-8808,"['중식', '중식당']","['서울 광진구', '뚝섬로31길 59']",매일 12:00~02:00 연중무휴,"양꼬치 13,000 | 양삼겹살꼬치 14,000 | 양갈비살꼬치 16,000 | 양고급갈비300g 22,000 | 유린기 12,000 | 탕수육 10,000 | 가지볶음 10,000 | 크림중새우 12,000 | 깐쇼중새우 12,000 | 마라탕 6,000 | 양고기샤브샤브세트 35,000 | 양쪽갈비 18,000 | 돼지염통 10,000 | 혈관 10,000 | 닭똥집 10,000 | 오돌뼈 10,000 | 양깃머리 18,000 | 소고기꼬치 15,000 | 향라대하 15,000 | 바지락볶음 15,000 | 꼴뚜기볶음 12,000 | 마늘닭강정 12,000 | 깐쇼새우 12,000 | 깐풍기 12,000 | 청경채새우살 10,000 | 경장육슬 13,000 | 어향육슬 10,000 | 토마토계란 10,000 | 소양볶음 10,000 | 지삼선 10,000 | 청경채돼지고기 13,000 | 누룽지탕 13,000 | 마파두부 8,000 | 부추계란 8,000 | 건두부볶음 8,000 | 마라룽샤 38,000 | 양고기만두 6,000",4.31
108,1977818141,청춘고깃간,010-4245-4757,"['한식', '육류,고기요리']","['서울 성동구', '아차산로 96']",토요일 16:00~02:00 주문마감 01:00 | 금요일 16:00~02:00 주문마감 01:00 | 목요일 16:00~02:00 주문마감 01:00 | 수요일 16:00~02:00 주문마감 01:00 | 화요일 16:00~02:00 주문마감 01:00 | 월요일 16:00~02:00 주문마감 01:00,"삼겹살3인분+된장찌개+볶음밥1 32,000 | 돼지한마리 45,000 | 소한마리(700g) 54,000 | 육회 한접시(189g) 20,000 | 볶음밥 2,000",4.72
109,578779804,에머이 성수점,02-499-7174,"['음식점', '베트남음식']","['서울 성동구', '성수이로 117', '1층']",매일 10:30~22:30 이용시간 변경(심야영업 임시 중단),"양지 쌀국수 9,800 | 불고기 쌀국수 12,000 | 차돌박이 쌀국수 13,000 | 닭쌀국수 8,900 | 분짜 15,000 | 반쎄오 18,000 | 볶음밥 9,800 | 야채볶음 9,000 | 넴 6,900 | 매운쌀국수 9,800 | 껌팃헤오 9,800 | 고이꾸온 6,900",4.24
110,646102551,오스테리아 쟌니,02-465-3777,"['음식점', '이탈리아음식']","['서울 성동구', '연무장길 109', '1층 Osteria Gianni']","월요일 휴무 | 화요일 12:00~22:30 Break time 15:30 - 18:00, 라스트오더 21:00 | 수요일 12:00~22:30 Break time 15:30 - 18:00, 라스트오더 21:00 | 목요일 12:00~22:30 Break time 15:30 - 18:00, 라스트오더 21:00 | 금요일 12:00~22:30 Break time 15:30 - 18:00, 라스트오더 21:00 | 토요일 12:00~22:30 Break time 15:30 - 18:00, 라스트오더 21:00 | 일요일 휴무","아란치니 6,000 | 감자튀김&트러플 7,000 | 문어샐러드 15,000 | 이탈리안 육회타르타르 18,000 | 볼로네제 토마토 리코타 뇨끼 18,000 | 베이컨 로제 소스 감자 뇨끼 18,000 | 고르곤졸라 크림 고구마 뇨끼 19,000 | 포르치니버섯과 트러플 크림 감자 뇨끼 19,000 | 감바스 감자 뇨끼 19,000 | 볼로네제 파스타 18,000 | 바질 페스토 파스타 19,000 | 매콤 해산물 오일 파스타 19,000 | 명란 크림파스타 & 가지튀김 19,000 | 새우비스큐 파케리 23,000 | 생면 라자냐 클래식 20,000 | 먹물 해산물 리조또 22,000 | 훈연 채끝 스테이크 45,000",4.57
111,18789350,용짜장,02-3409-5679,"['중식', '중식당']","['서울 성동구', '아차산로7길 28']",매일 11:00~22:00,"자장면 4,000 | 홍합짬뽕 6,000 | 탕수육 11,000 | 양꼬치 12,000 | 양갈비살 14,000 | 궈보러우 12,000",4.4
112,1250223990,탕화쿵푸마라탕 성수동지점,02-3499-4466,"['중식', '중식당']","['서울 성동구', '성수일로10길 26', '하우스티세종타워 2층']",매일 11:00~21:30,"마라탕100g 1,700 | 마라향궈100g 3,000 | 꿔바로우 15,000 | 량피 7,000 | 계란볶음밥 7,000 | 운남쌀국수 9,000 | 볶음면 8,000",4.46
113,38643715,SALOTTO BOMBOM,02-460-8875,"['음식점', '이탈리아음식']","['서울 성동구', '아차산로 78', '에코넷센터 뒷편 1층']",매일 11:30~22:00 영업시간 | 평일 11:30~15:30 LUNCH | 평일 17:00~22:00 DINNER | 평일 15:30~17:00 BREAKE TIME | 일요일 휴무,"Mixed Mushrooms Salad 21,000 | Burrata Salad 25,000 | Black Olive Spaghetti 19,000 | Beef Garlic Cream Spaghetti 26,000 | Mushroom Cream Risotto 24,000 | Margherita Pizza 21,000 | Diavola Pizza 22,000 | Proscuitto&Rucola Pizza 23,000 | TAGLIATA(160g) 38,000 | Porcini Sirloin Steak(230g) 65,000 | Tenderloin Steak(160g) 48,000 | Lunch Course 35,000",4.18
114,1207049972,윤돈,02-465-0104,"['일식', '돈가스']","['서울 성동구', '성수이로 121']",,"돈까스 7,500 | 치즈돈까스 9,000 | 모듬돈까스 10,000 | 가츠동 7,000 | 에비동 7,500",0
115,38624096,라온석갈비,02-466-1616,"['한식', '육류,고기요리']","['서울 성동구', '성수이로 119', '덕산엔터프라이즈 1층 라온석갈비']",매일 11:30~22:00 (브레이크타임 15~16시30분) | 일요일 휴무,"직화돼지갈비 15,000 | 직화소갈비 28,000 | 소갈비찜 42,000 | 갈비탕 12,000 | 전복삼계갈비탕 22,000 | 차돌된장 8,000",0
116,711407305,전자방,02-420-1193,"['중식', '중식당']","['서울 성동구', '성수일로12길 23', '1층']",평일 11:00~14:00 | 평일 17:00~22:00 | 주말 12:00~21:00 공휴일 포함 | 월요일 휴무,"레몬크림새우 20,000 | 양장피 24,000 | 베리베리탕수육 18,000 | 마라감바스&계란볶음밥 30,000 | 유산슬 24,000",4.35
117,1374333874,스미토라,02-6406-1119,"['일식', '일식당']","['서울 성동구', '연무장길 29-9', '1층']",평일 17:30~00:00 라스트오더 23시 | 토요일 17:30~00:00 라스트오더 23시 | 일요일 휴무 | 월요일 휴무 첫째 셋째주 월요일 휴무,"전채 / 사시미 / 튀김 / 구이 / 나베 / 야끼토리리 10,000~30,000 | 디너 오마카세 55,000",4.4
118,1104075584,윕 성수,02-6951-1005,"['술집', '와인']","['서울 성동구', '광나루로4가길 5', '1층']",매일 11:30~23:00 월 화 휴무,에그베네딕트 변동가격(업주문의),4.33
119,38692829,haru&oneday,02-499-9303,"['음식점', '카페,디저트']","['서울 성동구', '아차산로 92', '광명타워']",평일 07:30~23:00 | 토요일 09:00~23:00 | 일요일 09:00~22:00,"아메리카노 4,500 | 카페라떼 5,000 | 바닐라라떼 5,500 | 크리미라떼 5,500 | 아이스볼모카 5,500 | 비엔나커피 6,000 | 초코라떼 5,500 | 아몬드바닐라밀크 5,000 | 트리플베리스무디 6,500 | 루이보스빌베리 5,500 | 플랫화이트 5,000",4.36
120,1070363229,고운 돈카츠,02-464-4004,"['일식', '돈가스']","['서울 성동구', '아차산로 92', '1층 105호']",평일 11:00~21:00 15:00 ~ 17:00 브레이크타임입니다 | 일요일 11:00~21:00 | 토요일 11:00~21:00,"등심카츠 10,000 | 안심카츠 11,000 | 치킨텐더 2,500 | 특 등심카츠  16,000 | 특 안심카츠 16,000",0
121,1852660089,멘야마쯔리 성수점,02-466-6022,"['일식', '일본식라면']","['서울 성동구', '연무장5가길 25', 'SK V1타워 1층 111호']",토요일 11:00~21:00 | 평일 11:00~21:00 | 일요일 휴무 | 토요일 15:00~16:00 브레이크타임 | 평일 15:00~16:00 브레이크타임,"돈코츠라멘 8,500 | 카라구찌라멘  8,500 | 미소라멘 8,500 | 마제소바 9,000 | 화산라멘 9,000 | 츠케멘 9,000 | 오코노미야끼 10,000 | 차슈차항 7,000 | 수제교자 4,500",4.96
122,1887367658,동구식당,02-4670-3333,"['음식점', '한식']","['서울 성동구', '연무장길 17', '1층']",금요일 16:00~01:00 | 목요일 16:00~01:00 | 수요일 16:00~01:00 | 화요일 16:00~01:00 | 월요일 16:00~01:00 | 토요일 15:00~01:00 | 일요일 15:00~23:00,"매콤갈비찜 35,000 | 참소라숙회 29,000 | 한우육회 23,000 | 황태구이 15,000 | 도토리묵무침 12,000 | 명란감자전 17,000 | 동구술국 18,000 | 동구라면 7,000 | 옛날떡구이 5,000 | 고슬밥 3,000 | 닭구이 19,000 | 민어조림 19,000",0
123,1314356031,슈에뜨펍,010-7672-7053,"['술집', '바(BAR)']","['서울 성동구', '성수이로 96', '지하 1층 슈에뜨']",토요일 14:00~21:00 11/25 ~ 12/7 사회적거리두기 2단계 임시 낮 영업 | 금요일 14:00~21:00 11/25 ~ 12/7 사회적거리두기 2단계 임시 낮 영업 | 목요일 14:00~21:00 11/25 ~ 12/7 사회적거리두기 2단계 임시 낮 영업 | 수요일 14:00~21:00 11/25 ~ 12/7 사회적거리두기 2단계 임시 낮 영업 | 월요일 14:00~21:00 11/25 ~ 12/7 사회적거리두기 2단계 임시 낮 영업 | 일요일 14:00~21:00 11/25 ~ 12/7 사회적거리두기 2단계 임시 낮 영업 | 화요일 휴무,"새우 멘보샤 11,000 | 모듬 소세지 17,000 | 버터 오징어 구이 20,000 | 버팔로 윙&봉 20,000 | 케이준치킨 샐러드 14,000 | 계절과일 플래터 25,000 | 주류안주교환권(홀덤) 20,000",0
124,1040994021,산메촌 성수본점,02-461-7222,"['한식', '막국수']","['서울 성동구', '성수일로8길 59', '1층']",매일 11:00~22:00 LAST ORDER 21:00,"메밀 물막국수 8,000 | 메밀 코다리회막국수 10,000 | 메밀 비빔막국수 8,000 | 메밀꿩만두 4,000 | 코다리수육 27,000 | 코다리수육(1인) 10,000 | 메밀전 2장 8,000 | 메밀전 3장  12,000",0
125,1869153345,사계,010-5125-7114,"['술집', '요리주점']","['서울 성동구', '연무장13길 19']",매일 17:30~23:00 점심 12:00~15:00/ 일요일/월요일 휴무,"문어 비빔밥(점심) 14,000 | 백합 술찜 28,000 | 전통 솥밥(2-3인분) 38,000 | 편육+멍게+굴 28,000 | 브리치즈튀김 15,000 | 곶감치즈말이 18,000 | 채끝솥밥 38,000 | 전복솥밥 38,000 | 멍게비빔밥 14,000 | 전복비빔밥 14,000 | 해초비빔밥 12,000 | 명란 4,500",4.1
126,1364427307,아웃백스테이크하우스 건대스타시티점,02-2218-3021,"['음식점', '패밀리레스토랑']","['서울 광진구', '능동로 92', '스타시티몰 스타존 2층']",매일 11:00~21:30 금/토 22시까지 영업,"퀸즈랜드 립아이 57,000 | 투움바 파스타 23,900 | 베이비 백 립 37,900",4.41
127,1742420471,경양카츠 성수점,010-2885-9615,"['일식', '돈가스']","['서울 성동구', '연무장7가길 1']",매일 11:00~01:00 브레이크 타임 14:00~17:30,"갈릭카츠 11,900 | 불닭 돈카츠 11,900 | 안심카츠 12,900 | 떡갈비 카츠 13,900 | 등심카츠 13,900 | 치즈카츠 13,900 | 안심x등심카츠 14,900 | 특등심카츠 17,900 | 족발카츠 19,800 | 수육카츠 23,900",0
128,18794472,외가집,02-463-0748,"['한식', '육류,고기요리']","['서울 성동구', '연무장길 17', '대한피아노학원']",,"삼겹살/갈매기살 14,000 | 매운갈매기살/항정살 15,000 | 칼국수/비빔국수/김치말이국 5,000",0
129,33042619,미도,02-461-5167,"['일식', '일식당']","['서울 성동구', '아차산로 113', '삼진빌딩']",매일 11:30~22:30 | 매일 15:00~17:00 Break time | 일요일 휴무,"정식 20,000 | 특정식 26,000 | 장어정식 26,000 | 모듬초밥 15,000 | 생대구탕 14,000 | 생대구지리 14,000 | 알탕 8,000 | 대구탕 8,000 | 회덮밥 7,000 | 알밥 7,000",0
130,1349078723,삼곱식당 성수직영점,02-461-0108,"['육류,고기요리', '곱창,막창,양']","['서울 성동구', '아차산로 97']",평일 17:00~00:00 | 토요일 14:00~23:00 | 일요일 14:00~22:00,"특양모듬 15,900 | 곱창모둠 12,900 | 양대창모둠 16,000 | 숙성목살 14,000 | 숙성삼겹살 14,000",0
131,20502394,원보양꼬치,02-467-7771,"['중식', '양꼬치']","['서울 광진구', '동일로18길 23']",매일 13:00~03:00 연중무휴,"양다리바베큐 60,000 | 양고급등갈비구이 16,000 | 양꼬치 13,000 | 마라룽샤 35,000 | 깐풍새우 15,000 | 매운양꼬치 13,000 | 꿔바로우 12,000 | 지삼선 12,000 | 소고기청경채볶음 13,000 | 어향가지 13,000 | 향라새우 16,000 | 오징어감자볶음 15,000 | 홍소소고기 16,000 | 마라탕 8,000 | 온면 5,000 | 즈란오돌뼈 15,000 | 꼴뚜기볶음 15,000 | 짝태볶음 15,000 | 소천엽볶음 15,000 | 곱창볶음 15,000 | 철판명란 15,000 | 철판오징어 15,000",0
132,20684166,김명자굴국밥전문점,02-3409-2553,"['한식', '굴요리']","['서울 성동구', '성수이로 113', '빌딩']",평일 11:00~22:00 | 주말 11:00~21:00,"굴국밥 6,000 | (특)굴국밥 9,000 | 뚝배기굴밥 7,000 | 굴순두부 6,000 | 굴떡국 7,000 | 굴매생이 7,000 | 매생이굴떡국 8,000 | 콩나물국밥 6,000 | 황태따로국밥 6,000 | 비빔밥 6,000 | 제육볶음 7,000 | 낙지덮밥 7,000 | 꼬막비빔밥 7,000 | 대파육개장 7,000 | 대파굴육개장 9,000 | 굴파전 13,000 | 굴전 13,000 | 굴회무침 15,000 | 쭈꾸미볶음 (2인이상) 13,000 | 돼지보쌈 20,000 | 굴돼지보쌈 30,000 | 꼬막돼지보쌈 30,000 | 홍어삼합 35,000 | 홍어회 30,000 | 삼합모듬 45,000 | 메밀만두 5,000 | 메밀전병 7,000",4.47
133,1167153432,오늘와인한잔 성수역점,02-6497-7990,"['술집', '와인']","['서울 성동구', '아차산로7길 7']",매일 17:00~03:00,"와인한잔 2,900 | 수제맥주 3,900 | 감바스 알 아히요 8,900 | 치즈플래터 18,900",4.41
134,1427491689,코코카이,010-6309-4629,"['술집', '와인']","['서울 성동구', '연무장길 35', '2F']",금요일 17:00~23:00  🌷🍷매주 (월)정기휴무 | 목요일 17:00~23:00  🌷🍷매주 (월)정기휴무 | 수요일 17:00~23:00  🌷🍷매주 (월)정기휴무 | 화요일 17:00~23:00  🌷🍷매주 (월)정기휴무 | 일요일 15:00~23:00 | 토요일 15:00~23:00,"치즈 플래터 24,000 | 관자 튀김 14,000 | 라구 파스타 20,000 | 봉골레 파스타 17,000 | 과일&프로슈토 16,000 | 베지스틱&디핑소스 6,000",0
135,1798512048,매화반점 본점,02-498-1939,"['중식', '양꼬치']","['서울 광진구', '동일로18길 105']",매일 12:00~01:00,"양꼬치 13,000 | 크림새우 15,000 | 가지볶음 8,000 | 레몬새우 15,000 | 유림기 13,000 | 양갈비 16,000",4.31
136,31730263,엉터리생고기 성수점,02-462-9289,"['한식', '육류,고기요리']","['서울 성동구', '성수일로8길 37', '으뜸프린팅(주)']",매일 11:30~22:30,"소 한 마리 69,000 | 1+ 한우 등심 30,000 | 한우살치살 35,000 | 돼지한마리 48,000 | 생삼겹살 13,000 | 생목살 13,000",4.33
137,1844278892,연안식당 성수역점,02-466-8892,"['한식', '해물,생선요리']","['서울 성동구', '성수일로8길 53', '105호,106호']",매일 11:00~22:00 매장에 따라 상이합니다. 영업시간&브레이크타임은 매장에 문의 부탁드립니다.,"꼬막비빔밥 변동가격(업주문의) | 꼬막무침(소면) 변동가격(업주문의) | 해물뚝배기 12,000 | 꽃게살비빔밥 12,000 | 뚝배기꼬막비빔밥 12,000 | 산해진미해물조개찜 45,000 | 양념꼬막 15,000 | 소라사합 28,000",4.18
138,1707978930,이디야커피 성수중앙점,02-466-1418,"['카페,디저트', '카페']","['서울 성동구', '성수일로6길 47', '103호']",평일 08:00~22:00 | 주말 10:00~21:00,"골든바닐라슈페너 4,500 | 블랙모카슈페너 4,300 | 아인슈페너 3,700",4.37
139,1162578835,큐리크,010-9411-2101,"['카페,디저트', '케이크전문']","['서울 성동구', '연무장길 27', '서연스튜디오 2층 201호 큐리크']",일요일 휴무 | 금요일 14:00~19:30 | 목요일 14:00~19:30 | 수요일 14:00~19:30 | 화요일 14:00~19:30 | 월요일 14:00~19:30 | 토요일 14:00~19:00,레드벨벳 변동가격(업주문의) | 당근케익 변동가격(업주문의),0
140,37442101,춘하추우동,010-2733-5327,"['일식', '우동,소바']","['서울 성동구', '연무장3길 8-27', '춘하추우동']",평일 11:00~21:00 점심 마지막 주문 오후 3시 (브레이크타임 : 오후 3시 ~ 오후 5시) / 저녁 마지막 주문 오후 8시 30분 | 토요일 11:00~15:00 마지막 주문 오후 3시 | 공휴일 휴무 | 일요일 휴무,"우동 5,000 | 카츠동 6,500 | 치즈 카츠 카레 7,500 | 가라아게 4,000 | 냉모밀(판모밀) 6,500",0
141,38522572,허씨정통중경마라샹궈 건대1호점,02-462-5358,"['중식', '중식당']","['서울 광진구', '동일로18길 50']",매일 11:00~22:00,"마라샹궈 100g 2,500 | 마라룽샤 35,000 | 만주코위 35,000 | 마라해물모듬볶음 3-4인 38,000 | 마라해물모듬볶음 2-3인 28,000 | 마라탕 야채 100g 2,000 | 마라탕 고기/완자 100g 2,500 | 어항육사 15,000 | 항라육사 18,000 | 경장육사 16,000 | 향라대하 20,000 | 향라닭날개 16,000 | 매운닭똥집 15,000 | 깐쇼새우 20,000 | 크림새우 20,000 | 탕수육 11,000",0
142,31396200,산들김밥,02-469-6757,"['분식', '김밥']","['서울 성동구', '성수이로 108', '보성빌딩']",,,4.23
143,38514011,투썸플레이스 건대스타시티,02-3436-4541,"['카페,디저트', '카페']","['서울 광진구', '능동로 90', '더클래식500 1층']",매일 07:30~23:00,"아메리카노 4,100",4.35
144,1438888313,아트몬스터 성수점,02-465-6110,"['술집', '맥주,호프']","['서울 성동구', '성수일로8길 16']",평일 17:00~24:00 | 토요일 15:00~24:00 | 일요일 15:00~23:00 | 공휴일 15:00~23:00,"청담동 며느리 5,500 | 몽크푸드 5,500 | 이태원 프리덤 5,500 | 넘사벽 7,000 | 핵존심 6,500 | 운짱 5,500 | 첫사랑의 향기 5,500 | 창세기 7,000 | 수다스폰서 6,000 | 사랑범벅 6,000 | 맥주 샘플러 5종류 (220ml) 17,000 | 프라이드 치킨 16,000 | 매운 간장 치킨 17,000 | 마라 핫 치킨 17,000 | 바베큐 핫 치킨 17,000 | 반반 치킨 17,000 | 순살 치킨 떡볶이 17,000 | 순살 매운 간장 치킨 17,000 | 순살 마라 핫 치킨 17,000 | 순살 바베큐 핫 치킨 17,000 | 순살 로제 크림 치킨 19,000 | 피자 아몽 14,000 | 더블 치즈 페페로니 피자 14,000 | 트러플 고르곤졸라 피자 14,000 | 딸기 피자 14,000 | 베이컨 하와이언 피자 14,000 | 청양 페페로니 피자 14,000 | 세븐 치즈 피자 15,000 | 쉬림프 하와이언 피자 16,000",0
145,11762846,투다리 성수본점,02-499-2743,"['술집', '오뎅,꼬치']","['서울 성동구', '아차산로7길 10-1']",,닭산적 변동가격(업주문의),0
146,38591421,계탄집 성수점,02-463-4887,"['한식', '닭갈비']","['서울 성동구', '아차산로7길 36']",금요일 17:00~24:00 | 목요일 17:00~24:00 | 수요일 17:00~24:00 | 화요일 17:00~24:00 | 월요일 17:00~24:00 | 토요일 17:00~23:00 | 일요일 휴무,"마늘소금 12,000 | 간장양념 12,000 | 매운양념 12,000 | 국물닭발 10,000 | 더덕구이 8,000 | 초계국수 5,000 | 치즈계란찜 3,000",0
147,1647233110,하오마라,010-9418-5198,"['중식', '중식당']","['서울 성동구', '연무장5가길 25', '2층 210호']",매일 10:00~22:00,"마라탕(담백한맛) 6,000 | 마라탕(매운맛) 6,000 | 마라샹궈 15,000 | 향라치킨 15,000 | 향라새우 18,000 | 새우볶음밥  7,000",0
148,35316961,하남돼지집 성수역점,02-467-3690,"['육류,고기요리', '돼지고기구이']","['서울 성동구', '아차산로 85']",평일 17:00~24:00 | 주말 16:30~00:00,"생삼겹살(180g) 14,000 | 특목살(180g) 14,000 | 생갈비(200g) 14,000 | 갈매기살(150g) 14,000 | 항정살(150g) 15,000 | 가브리살(150g) 14,000 | 모둠한판(600g) 40,000 | 특별한판(600g) 54,000",4.42
149,1807113136,토끼정 건대스타시티OTD점(델리),02-447-2510,"['일식', '일식당']","['서울 광진구', '아차산로 262']",매일 11:00~23:00 Last order 21:00 Break Time 16:00-17:00,"토끼정 크림 카레 우동 11,000 | 꼬꼬네 하이얀 우동 11,000 | 함밤 스테-끼 밥 12,900 | 달짝한 숯불갈비 덮밥 12,000 | 날치알 크림 우동 9,500 | 닭다리살 덮밥 9,500 | 시금치카레 9,500 | 숯불소고기우동 9,500 | 갈비맛삼겹살덮밥 10,000",4
150,11889756,독도참치 성수점,02-497-3731,"['한식', '생선회']","['서울 성동구', '아차산로 88']",,"기본 세트 28,000",4.58
151,1757693306,곳간성수,02-499-9270,"['한식', '육류,고기요리']","['서울 성동구', '연무장5가길 24', '1층']",평일 11:00~22:00 브레이크타임 15:00~17:00 | 주말 15:00~22:00,"한우 등심 36,000 | 한우 안심 41,000 | 한우 살치살 45,000 | 한우 차돌박이 23,000 | 국내산 통삼겹살 15,000 | 국내산 통목살 15,000 | 갈비탕 12,000 | 함흥식냉면(자가제면) 9,000 | 한우육회비빔밥 11,000 | 한우차돌된장찌개 8,000 | 한우무시국밥 8,000",0
152,1105334024,핵밥 성수점,02-6085-7040,"['일식', '덮밥']","['서울 성동구', '성수이로 126', '1층']",평일 11:00~20:30 Break time.15:00 -17:00/ 라스트오더 20시 | 토요일 11:00~20:00 라스트오더 19시 30분 | 일요일 11:00~20:00 라스트오더 19시 30분,"대창덮밥 10,900 | 스테이크 덮밥 9,900 | 매운항정살덮밥 8,900 | 고기듬뿍덮밥 9,500 | 연어덮밥 9,900",4.26
153,785544026,김뚜껑부대찌개 본점,02-466-4695,"['한식', '찌개,전골']","['서울 성동구', '아차산로7길 29', '성광빌딩']",매일 10:00~22:00 | 일요일 휴무 매월 마지막 주 일요일 휴무,"김뚜껑 부대찌개 7,500 | 페퍼로부대찌개 9,000 | 김뚜껑 부대볶음 8,500 | 베이컨부대볶음 10,000 | 페퍼로니부대볶음 10,000 | 제육볶음 5,000",4.46
154,1147316117,홍야동양꼬치 훠궈무한리필,010-8004-0825,"['중식', '양꼬치']","['서울 광진구', '동일로18길 23']","매일 14:00~02:00 휴무일: 첫째, 세째주 월요일 | 매일 23:30~24:00 마지막 주문 시간","양꼬치+훠궈 무한리필 17,900 | 훠궈 무한리필 15,900 | 양꼬치 무한리필 15,900",0
155,1045831832,교대이층집 성수점,02-462-2792,"['음식점', '육류,고기요리']","['서울 성동구', '성수일로8길 60']",평일 11:30~23:00 브레이크타임 15:00~16:30 | 토요일 11:30~23:00 주말 브레이크타임 없음 | 일요일 휴무,"꽃삼겹(국내산, 150g) 15,000 | 통삼겹(국내산, 180g) 15,000 | 통목살(국내산, 180g) 15,000 | 항정살(국내산, 150g) 16,000 | 가브리살(국내산, 150g) 14,000 | 한우차돌박이(한우1++, 150g) 25,000 | 시골된장찌개 7,000 | 냉면(물/비빔) 7,000 | 볶음밥 한 판 10,000 | 버섯칼국수 7,000 | [점심특선메뉴]시골된장찌개 7,500 | [점심특선메뉴]우렁된장찌개 7,500 | [점심특선메뉴]소고기국밥 7,500 | [점심특선메뉴]한돈제육볶음_2인이상 8,000 | [점심특선메뉴]냉면(물/비빔) 7,500",0
156,33851123,미즈라,02-6223-1072,"['일식', '일식당']","['서울 성동구', '아차산로7길 36', '1층']",일요일 휴무 | 평일 17:30~01:00 | 토요일 17:30~01:00,"모듬사시미 小 35,000 | 스키야끼 28,000 | 모듬꼬치 27,000 | 멘치카츠 17,000",0
157,20153272,롯데리아 성수역점,02-467-7727,"['양식', '햄버거']","['서울 성동구', '아차산로7길 28', '성수쇼핑센타']",매일 09:00~02:00,"NEW한우불고기(단품/세트) 6,500~8,200 | NEW모짜렐라인더버거 해쉬 4,500~6,100 | NEW모짜렐라인더버거 더블 5,300~6,900 | 트위스트감자 2,000 | AZ버거오리지널 6,200~7,200",4.28
158,1877980209,사람사는 고깃집 김일도 성수점,02-499-1123,"['한식', '육류,고기요리']","['서울 성동구', '성수이로 90']",매일 11:30~23:00 | 평일 15:00~17:00 break time(주말.공휴일제외),"김일도 한판 48,000 | 특수부위특판 34,000 | 생갈빗살 17,000 | 윗고기(목살) 14,000 | 아랫고기(숙성삼겹살) 14,000 | 수제소세지 6,000 | 속풀이개밥 5,000 | 불닭발버터밥 5,000 | 물냉면 5,000 | 비빔냉면 5,000 | 누룽지 5,000",0
159,1907146760,풍조미역,02-466-6665,"['음식점', '한식']","['서울 성동구', '성수일로8길 60', '1층']",매일 11:30~23:00 브레이크 타임 15:00~ 17:30,"전복조개 미역국 15,000 | 소갈비 미역국 13,000 | 전복 성게 미역국 19,000 | 전복 소갈비 미역국 18,000 | 해산물해초비빔밥 12,000 | 성게알해초비빔밥 14,000 | 멍게비빔밥 10,000 | 해물알탕 32,000 | 한치숙회무침 16,000",4.25
160,1353235634,고기대통령본점,02-462-9080,"['한식', '육류,고기요리']","['서울 광진구', '능동로 91']",매일 11:30~00:30 라스트입장 마감시간 23:00,"무한리필 이용권(점심할인, 11:30-13:30까지 입장고객, 주말 제외, 공휴일 제외) 17,900 | 무한리필 이용권(성인) 20,900 | 무한리필 이용권(초등학생) 12,900 | 무한리필 이용권(유아, 0-3세 무료) 4,900 | 물냉면 / 비빔냉면 5,000",0
161,1227111236,카페라니,02-462-1025,"['음식점', '카페,디저트']","['서울 성동구', '연무장5가길 14']",평일 07:30~21:00,"아메리카노 노체 2,800 | 아메리카노 디아 2,800 | 카페라떼 3,300 | 바다라떼 4,500 | 달고나카페라떼 4,800 | 아인슈페너 5,000 | 흑임자 카페라떼 5,000 | 쑥크림 카페라떼 5,000 | 코코넛커피스무디 5,000",4.54
162,21688816,토시래 성수역점,02-466-7825,"['한식', '족발,보쌈']","['서울 성동구', '아차산로7길 10']",매일 17:00~00:30,"토시래_중 32,000 | 토시래_대 36,000 | 토시래_특대 52,000 | 토시래보쌈_소 29,000 | 토시래보쌈_중 34,000 | 토시래보쌈_대 38,000",4.1
163,1003017655,림벅와플 건대CGV점,02-468-8882,"['카페,디저트', '와플']","['서울 광진구', '아차산로30길 26', '몰오브케이 건대CGV 1층 림벅 와플']",매일 11:00~23:00 연중무휴 (재료 소진시 조기마감 될 수 있음),"플레인 와플 2,700 | 메이플 와플 3,100 | 메이플 시나몬 와플 3,200 | 누텔라 와플 3,800 | 벨기에 다크 초콜렛 와플 4,300 | 크림치즈 와플 3,800 | 블루베리 와플 4,100 | 블루베리 크림치즈 와플 4,800 | 아메리카노 (hot) 3,000 | 아메리카노 (iced) 3,000 | 생레몬 주스 4,800 | 생자몽 주스 4,800 | 아몬드 바나나 주스 4,800 | 캐모마일 (hot) 3,000 | 캐모마일 (iced) 3,000 | 로즈마리 (hot) 3,000 | 로즈마리 (iced) 3,000 | 얼그레이 (hot) 3,000 | 얼그레이 (iced) 3,000 | 페퍼민트 (hot) 3,000 | 페퍼민트 (iced) 3,000 | 레몬그라스 (hot) 3,000 | 레몬그라스 (iced) 3,000 | 누텔라 시나몬 와플 3,900 | 허니버터 와플 3,300 | 허니버터 어니언 와플 3,300 | 허니버터 갈릭 와플 3,300 | 피넛 버터 와플 3,800 | 로투스 와플 3,900 | 카야 그린 와플(고소한 맛) 4,100 | 카야 브라운 와플 (달달한 맛) 4,100 | 우유  2,500 | 초코라떼 (hot) 3,500 | 초코라떼 (iced) 4,500 | 민트초코라떼/그린티라떼/쿠앤크라떼 (hot) 3,500 | 민트초코라떼/그린티라떼/쿠앤크라떼 (iced) 4,500 | 쉐이크(R) 4,500 | 쉐이크(L) 5,500 | 블루베리 아이스티/레몬 아이스티/복숭아 아이스티/석류 아이스티 (hot) 2,500 | 블루베리 아이스티/레몬 아이스티/복숭아 아이스티/석류 아이스티 (iced) 3,500",4.52
164,31396009,빠왕마라쇼룽샤,010-5193-8393,"['중식', '중식당']","['서울 광진구', '동일로18길 69']",매일 12:00~01:00,"마라룽샤 32,000 | 쏸룽샤 32,000 | 훠궈 35,000 | 충칭라조기 15,000 | 향라닭날개 16,000 | 깐풍기 16,000 | 피망육슬(꽃빵6개) 18,000 | 깐벤번데기 20,000 | 쯔란염통줄기 16,000 | 꿔바러우 15,000 | 마라대하 30,000 | 삼선누룽지탕 18,000 | 향라대하 18,000 | 철솥감자편 15,000 | 부추계란볶음 12,000 | 칠리새우 18,000 | 마라룽샤꼬리 30,000 | 마라하이링구 18,000 | 크림새우 18,000 | 양장피 25,000 | 장향룽샤 32,000 | 마늘향룽샤 32,000 | 우싼향어구이 35,000 | 계란토마토볶음 10,000 | 계란토마토탕 10,000 | 동파육 18,000 | 경장육슬 16,000 | 어향육슬 15,000 | 유린기 20,000 | 철판소고기 18,000 | 고구마맛탕 12,000 | 홍소갈비 15,000 | 쯔란양고기 15,000 | 마라명태볶음 18,000 | 매운소양볶음 15,000 | 오징어볶음 15,000 | 매운쭈꾸미볶음 20,000 | 수주육편 18,000 | 청경채표고버섯 15,000 | 새우살청경채볶음 15,000 | 마향건두부슬 10,000 | 매운조개볶음 16,000 | 지삼선 13,000 | 가지볶음 12,000 | 고추건두부볶음 12,000 | 마라향궈 25,000 | 마파두부 10,000 | 옥수수튀김 10,000 | 가장식냉채 10,000 | 오이돼지귀무침 10,000",0
165,1096462943,베러초이스,070-7773-2018,"['음식점', '카페,디저트']","['서울 성동구', '연무장5길 9-13', '2층']",,"비건 앙금빵 3,000",0
166,1659851228,다모토리혼,02-466-1615,"['술집', '요리주점']","['서울 성동구', '성수일로8길 53', '2층']",매일 16:30~01:00 주방마감 23:30 / 일요일휴무,"참숯직화소갈비 17,900 | 스페셜모듬회 52,000 | 코코넛안심치킨 15,500 | 크리스피오다리 12,500 | 소고기양념튀김 16,500 | 해물백짬뽕 18,000 | 국물닭발 16,000 | 어묵전골 18,000 | 통낙지볶음 18,000 | 통오징어떡볶이 16,500 | 라구소스치즈계란말이 15,000 | 투뿔한우&투뿔성게알 52,000",0
167,1282575816,아비꼬 성수역점,02-2641-0099,"['일식', '카레']","['서울 성동구', '연무장5가길 25', '1층 117,118호']",금요일 11:00~20:30 | 목요일 11:00~20:30 | 수요일 11:00~20:30 | 화요일 11:00~20:30 | 월요일 11:00~20:30 | 일요일 11:00~20:00 | 토요일 11:00~20:00,"기본카레라이스 6,500 | 가지카레라이스 8,000 | 야채카레라이스 8,500 | 버섯카레라이스 7,500 | 허브치킨카레라이스 9,000 | 포크카레라이스 9,000 | 함바그카레라이스 10,000 | 비프카레라이스 10,500 | 알새우카레라이스 11,000 | 해산물카레라이스 11,000 | 기본카레우동 6,500 | 버섯카레우동 7,500 | 허브치킨카레우동 9,000 | 비프카레우동 10,500 | 알새우카레우동 11,000 | 해산물카레우동 11,000 | 기본크림카레파스타 6,500 | 버섯크림카레파스타 7,500 | 허브치킨크림카레파스타 9,000 | 함바그크림카레파스타 10,000 | 기본하야시라이스 6,500 | 버섯하야시라이스 7,500 | 허브치킨하야시라이스 9,000 | 비프하야시라이스 10,500 | 소스가츠동(돈까스덮밥) 8,500 | 규동(쇠고기덮밥) 8,500 | 가라아게마요동(가라아게덮밥) 8,500 | 포크세트 13,500 | 치킨세트 13,500 | 해산물세트 15,500 | 키즈세트 7,000 | 아비꼬A세트 27,000 | 아비꼬B세트 27,000",0
168,38692933,북촌손만두 성수역점,02-466-5855,"['한식', '칼국수,만두']","['서울 성동구', '아차산로7길 7', '가동 1층']",매일 11:00~22:00 마지막주문 21시,찐만두 변동가격(업주문의),0
169,1090768839,천수호프,02-463-1833,"['술집', '맥주,호프']","['서울 광진구', '동일로18길 57', '2층']",매일 13:00~02:30,"중화새우튀김 18,000 | 편대구 2,500 | 골뱅이 19,000 | 소고기파무침 18,000 | 쯔란오돌뼈 18,000 | 바지락볶음 18,000 | 지삼선 16,000 | 닭날개 16,000 | 아이스황도 7,000 | 통오징어샐러드 16,000 | 나가사끼짬뽕 15,000 | 수제새우튀김 18,000 | 새송이무침 15,000 | 소고기조림 18,000 | 경장육사 16,000 | 꼴뚜기볶음 17,000 | 우삼겹숙주볶음 15,000",0
170,1335029031,육갑식당 성수점,02-3409-2188,"['한식', '육류,고기요리']","['서울 성동구', '연무장7길 7', '육갑식당 성수점']",공휴일 15:00~24:00 | 토요일 15:00~24:00 | 평일 15:00~24:00 | 일요일 12:00~24:00,"육갑(호주산와규) 15,000 | 꽃살(호주산와규) 28,000 | 등심(호주산와규) 27,000 | 차돌박이(호주산와규) 18,000 | 꽃돼지(이베리코) 15,000 | 소금구이목살(이베리코) 15,000 | 삼겹살(칠레) 11,000 | 돼지갈비(미국산) 13,000",0
171,1169625359,소문산성수감자탕 별관,02-465-6580,"['한식', '감자탕']","['서울 성동구', '연무장7길 4', '해피드림']",매일 00:00~24:00,"감자탕 대 36,000 | 감자탕 중 27,000 | 감자탕 소 24,000 | 뼈추가 8,500 | 감자국식사 7,500",4.28
172,37993430,랭스터디카페 건대점,02-498-7101,"['카페,디저트', '북카페']","['서울 광진구', '아차산로34길 26', '2층 랭스터디카페 건대점']",매일 09:00~02:00 연중무휴,"아메리카노 1,800 | 1시간권 1,500 | 3시간권 3,500 | 8시간권 8,500 | 1일권 10,000",0
173,1578233941,웨이하이,02-6053-7553,"['중식', '중식당']","['서울 성동구', '연무장3길 5-1']",매일 11:30~24:00 (Break Time 15:00~17:00),"유니짜장면 6,500 | 해물짬뽕 8,000 | 목화솜탕수육 18,000 | 멘보샤 17,000 | 어향가지새우 19,000 | 새우요리(크림,칠리,깐풍) 21,000 | 전복팔보채 29,000 | 해물볶음짬뽕 16,000 | 해삼과 삼겹살 29,000 | 홍콩식 전복찜 28,000 | 전복 해물누룽지탕 27,000 | 양장피 28,000 | 유산슬 26,000",4.19
174,1618670809,이태리부대찌개 성수점,02-462-7764,"['한식', '찌개,전골']","['서울 성동구', '아차산로7길 7', '나동 1층']",매일 11:00~22:00 명절 휴무 | 매일 15:00~17:00 브레이크타임,"부대찌개 8,000 | 부대전골 9,000 | 우삼겹부대전골(중) 32,000 | 우삼겹부대전골(대) 40,000 | 등심부대전골(중) 34,000 | 등심부대전골(대) 42,000 | 우삼겹등심부대전골(중) 34,000 | 우삼겹등심부대전골(대) 42,000 | 부대볶음 10,000 | 우삼겹부대볶음 12,000 | 쭈꾸미우삼겹볶음 27,000 | 돈가스 7,000 | 계란말이 6,000 | 낙우새철판볶음 13,000 | 불고기부대찌개 변동가격(업주문의)",0
175,1608082234,하노이범마쌀국수,02-6013-0013,"['음식점', '베트남음식']","['서울 성동구', '연무장5가길 20-1']",매일 11:00~24:00 명절 휴무,"닭고기쌀국수 8,000 | 불고기쌀국수 8,000 | 당면쌀국수 8,000 | 양지쌀국수 7,000 | 군만두(짜조) 7,000 | 볶음국수(미사오) 8,000 | 차돌쌀국수 8,000 | 비빔국수(분자) 10,000 | 반세우 12,000 | 닭볶음탕 25,000 | 갈비탕 9,000 | 왕갈비쌀국수 11,000 | 검랑 7,000 | 카레밥 7,000 | 퍼다이 8,000",0
176,1250011132,토끼와거북전,02-467-5009,"['한식', '전,빈대떡']","['서울 성동구', '아차산로 116', '1층 101호']",금요일 11:00~22:00 | 목요일 11:00~22:00 | 수요일 11:00~22:00 | 화요일 11:00~22:00 | 월요일 11:00~22:00 | 토요일 05:00~22:00 일요일 휴무,"모듬전 20,000 | 녹두전 13,000 | 해물부추전 13,000 | 감자전 13,000",0
177,36364027,사보텐 건대스타시티점,02-452-4510,"['일식', '돈가스']","['서울 광진구', '아차산로 262', '더샵스타시티 지하1층']",매일 11:00~22:00 마지막 주문 21:00,"사보텐 정식 15,500 | 모짜체다 치즈카츠 정식 14,500 | 제주 흑돈 카츠 정식(히레) 16,000 | 명란 치즈 카츠 15,500 | 숯불 와규동 15,000 | 모리소바 12,500",4.3
178,1008354768,우동가조쿠 성수점,02-556-2177,"['일식', '우동,소바']","['서울 성동구', '연무장길 9']","매일 11:00~21:00 평일 15:00-17:00 브레이크타임,          주말 및 공휴일 브레이크타임없음",,0
179,37688354,아라수산 성수점,02-466-1867,"['한식', '생선회']","['서울 성동구', '성수일로12길 26']",평일 15:30~03:00 | 토요일 15:30~01:00 | 일요일 휴무,"광어   소 30,000 | 광어  중 38,000 | 광어   대 45,000 | 우럭  중 35,000 | 우럭   대 42,000 | 참돔 중 40,000 | 참돔  대 48,000 | 생연어  중 28,000 | 생연어   대 36,000 | 도다리 50,000",0
180,37264143,안씨네쭈꾸미 성수점,02-461-6006,"['한식', '주꾸미요리']","['서울 성동구', '성수일로12길 30', '1층']",평일 11:30~22:30 15시에서17시 까지 브레이크타임 입니다 | 일요일 16:30~21:00 | 토요일 휴무,"쭈꾸미볶음 13,000 | 쭈꾸미새우 15,000 | 쭈꾸미삼겹살 15,000 | 알밥 7,500 | 쭈꾸미 덮밥 7,500 | 쭈꾸미제육덮밥 7,500 | 해물뚝배기 8,000 | 묵사발(계절메뉴) 7,000",0
181,1771067492,목동포차,02-498-9994,"['술집', '포장마차']","['서울 성동구', '아차산로7길 14']",,"불닭도리탕 (중/ 2~3인) 24,000 | 불닭도리탕 (대/ 4~5인) 32,000 | 간장닭도리탕 (중/ 2~3인) 28,000 | 간장닭도리탕 (대/ 4~5인) 36,000 | 국물닭발 17,000 | 무뼈닭발 16,000 | 오돌뼈 14,000",0
182,37559140,24시프리카페 건대점,010-4915-7101,"['북카페', '24시프리카페']","['서울 광진구', '아차산로34길 26']",매일 00:00~24:00,"프리카페 4시간+음료 4,000",0
183,1850384974,투썸플레이스 성수skv타워점,02-2641-0200,"['카페,디저트', '카페']","['서울 성동구', '연무장5가길 25']",매일 07:30~22:00,"아메리카노 4,100",0
184,1345945502,연,02-2223-2290,"['중식', '중식당']","['서울 성동구', '연무장5가길 7', '105호']",목요일 11:00~23:00 | 수요일 11:00~23:00 | 화요일 11:00~23:00 | 월요일 11:00~23:00 | 목요일 15:00~17:00 브레이크타임 | 수요일 15:00~17:00 브레이크타임 | 화요일 15:00~17:00 브레이크타임 | 월요일 15:00~17:00 브레이크타임 | 토요일 11:00~02:00 | 금요일 11:00~02:00 | 토요일 15:00~17:00 브레이크타임 | 금요일 15:00~17:00 브레이크타임,"짜장면 6,000 | 짬뽕 8,000 | 잡채밥 8,000 | 쟁반짜장 8,000 | 새우치킨볶음밥 8,000 | 마장면 7,000 | 탕수육(중) 12,000 | 탕수육(대) 18,000 | 깐풍기(중) 12,000 | 깐풍기(대) 18,000 | 유린기 18,000 | 양장피 18,000 | 고추잡채 18,000 | 가지튀김 18,000 | 어향가지 20,000 | 크림중새우 18,000 | 칠리중새우 18,000 | 통오징어짬뽕탕 18,000",0
185,38274925,공기 롯데백화점 건대 스타시티점,02-2218-2014,"['일식', '샤브샤브']","['서울 광진구', '능동로 92', '롯데백화점 스타시티점 지하 1층']",,,0
186,37208662,맛닭꼬 성수역점,02-466-2292,"['음식점', '치킨,닭강정']","['서울 성동구', '아차산로 113', '삼진빌딩']",매일 14:00~02:00,"오리지널 현미베이크 [ORIGINAL BROWN RICE BAKE] 9,900 | 갈릭 현미베이크 [GARLIC BROWN RICE BAKE] 10,900 | 칠리 현미베이크 [CHILI BROWN RICE BAKE] 10,900 | 마누라(마늘아)현미베이크 [SWEET GARLIC BROWN RICE BAKE] 11,900 | 강정 현미베이크 [GANGJEONG BROWN RICE BAKE] 10,900 | 핫소스 현미베이크 [HOTSAUCE BROWN RICE BAKE] 10,900 | 파파닭 현미베이크 [GREEN ONION & BROWN RICE BAKE] 11,900 | 참치 순살 현미베이크 [TUNA BROWN RICE BAKE] 14,900 | 사천 현미베이크 [SACHEON BROWN RICE BAKE] 11,900 | 고추강정 현미베이크 [HOT PEPPERS GANGJEONG BROWN RICE BAKE] 11,900 | 오리지날 로스트 [ORIGINAL ROAST CHICKEN] 8,900 | 데리갈릭 로스트 [TERI GARLIC ROAST CHICKEN] 10,900 | 바베큐 로스트 [BARBECUE ROAST CHICKEN] 10,900 | 치즈 칠리 로스트 [CHEESE CHILI ROAST CHICKEN] 10,900 | 두반장 로스트 [DOUBANJANG ROAST CHICKEN] 10,900 | 깐풍기 로스트 [KKANPUNGGI ROAST CHICKEN] 10,900 | 숯불 로스트 [SUTBUL ROAST CHICKEN] 10,900 | 로스트 순살 파닭 [GREEN ONION & ROAST CHICKEN] 12,900 | 치즈 순살 퐁닭 [FRESH CHEESE FONDUE CHICKEN] 14,900 | 오븐닭발[OVEN CHICKEN FEET] 14,900 | 오븐똥집[ OVEN CHICKEN GIZZARD] 12,900 | 오븐감자[OVEN POTATO] 9,900 | 궁물떡볶이[SOUP TTEOKBOKKI] 9,900 | 오븐폭립[OVEN PORK RIBS] 14,900 | 숯불곱창[SUTBUL GOPCHANG] 12,900 | 골뱅이소면[WHELK & PLAN NOODLES] 변동가격(업주문의) | 고추나쵸[NACHOS WITH RED PEPPERS] 변동가격(업주문의) | 해물굴짬뽕탕[FRESH SEAFOOD SPICY NOODLE SOUP] 13,000 | 나가사끼짬뽕[NAGASAKI SPICY SEAFOOD NOODLE SOUP] 13,000 | 알탕[SPICY FISH ROW STEW] 13,000 | 해물어묵탕[SEAFOOD AND FISH CAKE SOUP] 13,000 | 마른안주 외 변동가격(업주문의) | 숯불갈비 로스트[SUTBUL-GALBI ROAST] 10,900 | 유린기 순살 현미베이크[YURINGI BROWN RICE BAKE] 14,900 | 오븐소세지[OVEN SAUSAGE] 12,000 | 치즈 뿌리꼬 현미베이크[CHEESE PPURICCO BROWN RICE BAKE] 12,500 | 카레 뿌리꼬 현미베",0
187,1059570689,라좡,02-462-7760,"['중식', '양꼬치']","['서울 광진구', '동일로18길 10']",매일 14:00~02:00 연중무휴,"무한모듬꼬치 17,800 | 무한샤브샤브 15,000 | 무한꼬치&무한샤브 23,000",0
188,1035885423,고기다,02-544-9209,"['한식', '소고기구이']","['서울 성동구', '성수일로12길 20', '1층 102호']",매일 11:00~22:00,"드라이에이징 등심 40,000 | 워터에이징 고기다 모듬 32,000 | 워터에이징 등심 35,000 | 워터에이징 안심 37,000 | 워터에이징 채끝 32,000 | 워터에이징 살치 40,000 | 워터에이징 안창살 50,000",4.35
189,37928331,도도곱창,02-2298-7789,"['한식', '곱창,막창,양']","['서울 광진구', '아차산로34길 18']",평일 15:30~01:00 | 토요일 15:30~01:00 일요일 휴무,"소금구이막창 12,000 | 양념막창(돼지) 12,000 | 야채곱창(돼지) 11,000 | 치즈야채곱창(돼지) 13,000 | 소곱창 14,000 | 소막창 14,000 | 소곱창전골 25,000 | 계란찜 5,000 | 날치알볶음밥 3,000 | 오돌뼈 11,000 | 제육볶음 17,000 | 세트2 메뉴 35,000 | 세트3 메뉴 37,000 | 세트4 메뉴 47,000 | 한우곱창 21,000 | 세트1 메뉴 33,000",4.8
190,1886066644,쭈꾸미도사,02-414-4991,"['음식점', '한식']","['서울 성동구', '아차산로 110', '1층쭈꾸미도사']",목요일 11:00~23:00 | 수요일 11:00~23:00 | 화요일 11:00~23:00 | 월요일 11:00~23:00 | 금요일 11:00~23:00 평일p.m3~4:30  잠시 쉽니다 | 토요일 13:00~23:00 오후1시부터영업합니다 | 일요일 00:00~23:00 휴무,"대창 쭈꾸미 15,000 | 오리지널 쭈꾸미 13,000 | 육전 9,000 | 치새볼 6,000 | 계란찜 4,000 | 통쭈 14,000",0
191,38230487,피자스쿨 성수쇼핑센타점,02-464-8003,"['음식점', '피자']","['서울 성동구', '아차산로7길 22']",,"치즈피자 6,000 | 페퍼로니피자 7,000 | 콤비네이션피자 8,000 | 포테이토피자 8,000 | 불고기피자 8,000 | 직화파인애플피자 11,000 | 고구마피자 8,000 | 핫치킨피자 8,000 | 나폴리피자 9,000 | 스테이크피자 10,000 | 까르보네피자 10,000 | 아이리쉬포테이토피자 10,000 | 깐쇼새우피자 11,000 | 도이치바이트피자 12,000 | 야채퀘사디아피자 12,000 | 비프퀘사디아 12,000 | 치킨퀘사디아 12,000 | 멕시칸바이트피자 12,000 | 직화홀릭바이트피자 12,000 | 더블갈릭바베큐피자 10,000",0
192,35402650,이상진신닭발,02-466-4946,"['한식', '닭발']","['서울 성동구', '아차산로7길 17-1']",토요일 17:30~01:00 배달 17:30 ~ 03:30 | 금요일 17:30~01:00 배달 17:30 ~ 03:30 | 목요일 17:30~01:00 배달 17:30 ~ 03:30 | 수요일 17:30~01:00 배달 17:30 ~ 03:30 | 화요일 17:30~01:00 배달 17:30 ~ 03:30 | 월요일 17:30~01:00 배달 17:30 ~ 03:30,"통닭발 14,000 | 무뼈닭발 15,000 | 국물닭발 15,000 | 오돌뼈 14,000",0
193,11690066,파리바게뜨 성수역점,02-464-3456,"['카페,디저트', '베이커리']","['서울 성동구', '아차산로7길 8']",매일 07:00~23:00,"프랑보아즈무즈 20,000 | 블루베리 치즈무스 19,000 | 카페오레 18,000 | 포도치즈케이크 16,000 | 고구마파이 1,000",0
194,38495071,굴사랑낙지마을,02-499-9259,"['한식', '굴요리']","['서울 성동구', '성수이로 118', '성수아카데미타워']",,"매생이굴국밥 7,000",0
195,30845077,더다미,02-467-3322,"['술집', '요리주점']","['서울 성동구', '아차산로7길 11']",,해물파전 변동가격(업주문의) | 꼬막 변동가격(업주문의),0
196,12770339,성수동양갈비,02-497-4987,"['음식점', '양갈비']","['서울 성동구', '성수일로12길 33']",평일 11:30~22:00 브레이크타임 15:30~17:00 | 토요일 11:30~22:00 브레이크타임 15:30~17:00 | 일요일 휴무 매주 일요일 휴무,"양갈비 22,000 | 돼지갈비 12,000 | 양곰탕 7,000 | 우거지탕 7,000 | 된장찌개 6,000 | 누룽지탕 5,000",0
197,1802587243,중경식객,02-463-7789,"['중식', '중식당']","['서울 광진구', '동일로20길 109']","매일 11:00~23:00 무한리필 2인부터, 2시간 제한","마라훠궈 무한리필(1인) 16,900 | 꿔바로우 18,000 | 미니 꿔바로우 10,000 | 크림새우 18,000 | 어향육슬 18,000 | 지삼선 15,000 | 고기가지튀김 15,000 | 마파두부 10,000 | 매운가재볶음 30,000 | 볶음밥 7,000 | 볶음면 7,000",0
198,1139648107,밥플러스 성수역점,,"['음식점', '한식']","['서울 성동구', '연무장5가길 25']",,,0
199,1290481276,시타마치라멘 성수점,02-2641-0303,"['일식', '일식당']","['서울 성동구', '연무장5가길 25', '1층 110호']",,"하카타 돈코츠라멘 5,400 | 삿포로 미소라멘 5,400 | 카라우마 탄탄멘 5,400 | 우마카라 가츠나베 5,900 | 우마카라 치즈 가츠나베 6,400",0
200,1657432236,낭만순대 성수역본점,02-461-0700,"['음식점', '한식']","['서울 성동구', '아차산로 107', '1층 낭만순대']",매일 00:00~24:00 | 일요일 20:30~09:00 휴무,"순대국 8,000 | 토마토순대국 10,000 | 뼈해장국 8,000 | 황태콩나물해장국 7,000 | 치즈돈까스 8,000 | 등심돈까스 7,000 | 고구마치즈돈까스 8,000",0
201,1246694658,키ki,02-497-3939,"['술집', '바(BAR)']","['서울 성동구', '연무장길 41-9']","매일 18:00~24:00 일,월요일 휴무","하이볼 8,000 | 과카몰리와 토스트빵 15,000 | 모둠접시 12,000 | 카치오 에 페페 13,000 | 정어리샐러드와 토스트빵 13,000 | 맥주 변동가격(업주문의) | 와인 변동가격(업주문의)",0
202,38482042,오키초밥,02-499-0757,"['일식', '초밥,롤']","['서울 성동구', '아차산로13길 37', '1층 오키초밥']",금요일 11:30~22:00 브레이크타임 14:00~ 16:30 까지 | 목요일 11:30~22:00 브레이크타임 14:00~ 16:30 까지 | 수요일 11:30~22:00 브레이크타임 14:00~ 16:30 까지 | 화요일 11:30~22:00 브레이크타임 14:00~ 16:30 까지 | 월요일 11:30~22:00 브레이크타임 14:00~ 16:30 까지 | 토요일 00:00~23:59 영업시간 변동될수있습니다 | 일요일 휴무,"모듬초밥 16,000 | 특초밥 22,000 | 연어초밥 18,000 | 흰살초밥 18,000",0
203,1009935289,냐항,02-497-5279,"['음식점', '베트남음식']","['서울 성동구', '연무장길 9-6', '1층 냐항']",평일 11:30~22:00 브레이크타임 15:00-17:00 | 주말 11:30~22:00 브레이크타임 없음,"그린파파야샐러드 14,000 | 짜죠 6,000 | 베트남 소시지 7,000 | 냐항 멘보샤 12,000 | 반쎄오 18,000 | 반꿔이 마라 새우 20,000 | 냐항 갈비 24,000 | 바삭바삭 레몬그라스 치킨꼬치 22,000 | 분짜 22,000 | 특선 한우 쌀국수 9,000 | 볶음 쌀국수 11,000 | 특선 마라 한우 쌀국수 11,000 | 한돈 매콤 덮밥 9,000 | 코코넛 라이스 5,000 | 모닝글로리 볶음 8,000 | 허니 고구마스틱 5,000 | 반꿔이 5,000 | 감자튀김과 마늘고수마요 5,000",0
204,37853484,통삼시대 성수점,02-6465-3030,"['한식', '돼지고기구이']","['서울 성동구', '성수일로8길 39-1', '성수장여관']",매일 11:00~24:00,"통삼겹살 무한리필 9,900 | 모듬 무한리필 11,900 | 갈비살 무한리필 16,900 | 양념모듬 무한리필 12,900",0
205,1357747708,바 차차,02-468-8893,"['술집', '와인']","['서울 성동구', '연무장길 14-5', '2층 바차차']",토요일 17:00~00:00 | 금요일 17:00~00:00 | 목요일 17:00~00:00 | 수요일 17:00~00:00 | 화요일 17:00~00:00,"부라타치즈토마토 13,000 | 트러플아보카도구이 16,000 | 차차오뎅 15,000",0
206,1129237737,품꼬 닭갈비,02-2038-3195,"['한식', '닭갈비']","['서울 성동구', '연무장5가길 25', '성수역 SKV1 1층 101~102호']","평일 11:30~22:00 B.T : 15:00~17:30, Last order 21:00 | 토요일 12:00~21:00 Last order 20:00 | 일요일 17:00~21:00 Last order 20:00 | 공휴일 17:00~21:00 Last order 20:00","콩파닭갈비 11,000 | 콩파닭발(무뼈) 13,000 | 콩파반반(닭갈비 반 무뼈닭발 반) 12,000 | 열무냉면 7,000",0
207,1199375408,역전할머니맥주 성수점,02-464-0010,"['술집', '맥주,호프']","['서울 성동구', '아차산로 97', '1층']",매일 16:00~05:00,"할맥500cc 3,300 | 오징어입 7,000 | 짜빠구리 8,000 | 순살치킨 7,000 | 치즈돈까스 9,000 | 튀김쥐포 3,000 | 통통오다리 7,000",0
208,1682551785,BBHAY,010-5744-0838,"['음식점', '카페,디저트']","['서울 성동구', '연무장17길 5']",토요일 12:00~18:00 | 금요일 12:00~18:00 | 목요일 12:00~18:00 | 월요일 12:00~18:00 | 수요일 휴무 | 화요일 휴무 | 일요일 13:00~18:00,"아메리카노 4,000 | 라떼 4,500 | 카라멜라떼 5,000 | 플랫화이트 4,500 | 매실에이드 6,500 | 얼그레이 45,000",0
209,38274918,고흥순대국머리고기,02-497-7876,"['한식', '순대,순댓국']","['서울 광진구', '아차산로34길 26']",매일 06:00~02:00 | 일요일 06:00~23:00,"순대국 7,000 | 순대국 특 8,000 | 돼지국밥 7,000 | 돼지국밥 특 8,000 | 내장탕 8,000 | 술국 15,000 | 머리고기 중 13,000 | 머리고기 대 16,000 | 순대한접시 10,000 | 모듬 20,000",0
210,1589238968,대흥양다리바베큐 건대점,02-468-6669,"['중식', '양꼬치']","['서울 광진구', '아차산로30길 39', '1층']",매일 12:00~02:00 무휴일,"양다리(특) 75,000 | 양다리 (대) 65,000 | 양다리(소) 50,000 | 양곰탕  10,000 | 대흥양꼬치 13,000 | 양만두 6,000 | 고급양갈비 25,000",0
211,32806058,메콩타이 성수역점,02-462-2001,"['음식점', '아시아음식']","['서울 성동구', '아차산로 103', '1층']",평일 11:00~22:00 | 일요일 휴무 | 토요일 11:00~21:00,"소고기쌀국수 9,800 | 톰얌쌀국수 11,900 | 나시고렝 11,800 | 파인애플볶음밥 10,800 | 매운해물팟타이 12,900 | 월남쌈(R) 34,800",0
212,1129827558,커피사피엔스 성수현대테라스점,02-2223-2117,"['카페,디저트', '카페']","['서울 성동구', '연무장5가길 7', '108호']",금요일 07:30~20:00 | 목요일 07:30~20:00 | 수요일 07:30~20:00 | 화요일 07:30~20:00 | 월요일 07:30~20:00 | 토요일 09:00~05:00,"아메리카노 2,000 | 흑당달고나 4,500 | 오렌지자몽쥬스 4,500",0
213,38427900,정참치,02-469-1071,"['한식', '생선회']","['서울 성동구', '성수일로8길 39']",일요일 휴무 | 평일 17:00~01:00 | 토요일 17:00~24:00,"은코스 30,000 | 금코스 40,000 | 스페셜B 55,000 | 스페셜A 75,000 | 스페셜 정 100,000",0
214,1017133895,나나센,02-461-7779,"['일식', '일본식라면']","['서울 성동구', '성수이로 126']",평일 10:00~21:00 브레이크타임 15:00 ~ 17:00 | 주말 11:00~16:00 브레이크 없음 | 공휴일 11:00~16:00 브레이크 없음,"매운 돈코츠라멘 8,000 | 돈코츠라멘 8,000 | 차슈 덮밥 7,500 | 규동 7,500 | 돈까스 덮밥 7,500 | 에비후라이 덮밥 7,500 | 오야꼬 덮밥 7,500 | 돈까스 카레 8,000 | 에비후라이 카레 8,000 | 미소 라멘 8,500 | 쇼유 라멘 8,000 | 치킨마요덮밥 7,500 | 치킨가라아케카레 8,000 | 차슈 카레 8,000 | 불고기 카레 8,000",0
215,1429339118,얼땅쟈,02-467-2886,"['중식', '중식당']","['서울 광진구', '동일로18길 68']",매일 12:00~03:00,"모든탕 12,000 | 연태고냥 20,000~25,000 | 강소백 25,000~35,000 | 로주탄 12,000~20,000 | 설원 12,000~18,000",0
216,1708164062,성수차이나,02-462-3377,"['중식', '중식당']","['서울 성동구', '아차산로7길 20']",매일 10:30~23:00 토요일은 휴무입니다. 일요일은 9시까지 영업합니나.,"짜장면 5,000",0
217,1491159689,복만루,02-467-9645,"['중식', '중식당']","['서울 광진구', '동일로18길 43']",매일 12:00~24:00,"무한리필샤브샤브 15,000",0
218,38502140,숲속식사,02-469-5816,"['음식점', '브런치']","['서울 성동구', '연무장길 39', '1층 숲속식사']","평일 11:00~20:00 주말, 공휴일 휴무","숲 볶음밥(대표메뉴) 9,500 | 성수동 볶음밥(나시고랭) 9,000 | 치킨데리야끼 볶음밥 8,500 | 해물날치알 볶음밥 8,500 | 김치소고기 볶음밥(인기) 8,000 | 김치치즈 볶음밥 8,000 | 닭갈비 볶음밥 9,000 | 쏘세지야채 볶음밥(인기) 8,000",0
219,1251588811,청두인상,02-466-0810,"['중식', '중식당']","['서울 광진구', '동일로18길 65']",매일 12:00~24:00 휴무일: 수요일 휴무,"마오차이 12,000 | 마라소륭샤 30,000 | 지궁바오(2인) 22,000 | 샹라족발 16,000 | 포오죠오개구리다리 15,000 | 라조우육 15,000 | 라즈지 16,000 | 해물전골 35,000",0
220,32465438,배스킨라빈스성수역점,02-464-8555,"['카페,디저트', '아이스크림']","['서울 성동구', '아차산로7길 4']",매일 10:00~23:00,"싱글레귤러 3,200 | 싱글킹 4,000 | 더블쥬니어 4,300 | 더블레귤러 6,200 | 파인트 8,200 | 쿼터 15,500 | 패밀리 22,000 | 하프갤론 26,500",0
221,898337672,천향마라탕,02-2233-1288,"['중식', '중식당']","['서울 광진구', '아차산로30길 20']",매일 00:00~24:00,"마라탕 100g 1,500 | 마라빤 100g 2,000 | 마라향궈 100g 2,500 | 궈바우러우 18,000",0
222,1448524018,글리머,02-3409-2262,"['술집', '바(BAR)']","['서울 성동구', '성수일로6길 47']","매일 18:00~02:00 매주 월,화 휴무","Classic cocktail 18,000 | Signature cocktail 20,000",0
223,1530374350,명가닭한마리,02-464-3900,"['한식', '닭요리']","['서울 성동구', '성수일로8길 39']",매일 10:30~22:30 매주 일요일 휴무,"닭한마리(대) 38,000 | 닭한마리(중) 29,000 | 닭한마리(소) 20,000 | 닭볶음탕(대) 48,000 | 닭볶음탕(중) 37,000 | 닭볶음탕(소) 25,000 | 삼계탕 15,000 | 닭모래집 13,000 | 해물파전 13,000 | 감자전 13,000 | 반계탕 8,000 | 닭곰탕 7,000 | 닭계장 7,000 | 닭칼국수 7,000",0
224,1886481455,오설록티하우스 아모레 성수점,02-461-7832,"['카페,디저트', '차']","['서울 성동구', '아차산로11길 7']",월요일 휴무 | 화요일 10:30~20:30 | 수요일 10:30~20:30 | 목요일 10:30~20:30 | 금요일 10:30~20:30 | 주말 10:30~20:30,"세작 6,300 | 오! 성수 버블 녹차 라떼(HOT) 6,500 | 오! 성수 버블 녹차 오프레도(ICE) 7,800",0
225,1571918987,그냥김밥,02-6406-0707,"['음식점', '한식']","['서울 성동구', '성수일로12길 34', '1층']",평일 10:30~19:30 (15:30-17:00 영업준비시간) | 토요일 10:30~15:00 | 일요일 휴무,"그냥야채김밥 3,000 | 그냥치즈김밥 3,700 | 참치샐러드김밥 4,200 | 매콤제육쌈김밥 4,800 | 매운멸치즈김밥 4,800 | 참치와사비김밥 4,800 | 불오뎅치즈김밥 4,500 | 가락치즈떡볶이 5,800 | 그냥라면 3,500 | 치즈라면 4,000 | 매운라면 4,500 | 스팸라면 4,800",0
226,1778902107,칸지고고 성수점,02-3499-4488,"['중식', '중식당']","['서울 성동구', '성수일로10길 26', '하우스디세종타워 상가동2층 217호']","평일 11:30~15:00 평일 브레이크타임(15:00~17:30) | 평일 17:30~22:00 마지막오더 21:00 | 공휴일 11:30~22:00 브레이크타임 없음, 마지막오더 21:00, 일요일/공휴일 정상영업, 토요일 휴업 | 주말 11:30~22:00 브레이크타임 없음, 마지막오더 21:00, 일요일/공휴일 정상영업, 토요일 휴업","자장면 6,000 | 짬뽕 9,000 | 탕수육 20,000 | 꿔바로우 18,000 | 양장피 32,000 | 옛날식볶음밥 10,000 | 칠리새우 22,000 | 유산슬 22,000 | 매운해산물누릉지볶음 22,000 | 고추잡채 22,000 | 팔진탕면 13,000 | 우동 9,000 | 해산물누릉지탕 38,000 | 어향가지 25,000 | 깐풍기 20,000 | 팔보채 25,000 | 냉짬뽕 10,000 | 어향가지새우 25,000 | XO게살볶음밥 10,000 | 차돌마라탕면 12,000 | 미니탕수육 10,000 | 잡탕밥 13,000 | 어향동고 38,000 | 새우난자완스 38,000 | 크림새우 22,000 | 오룡해삼 65,000 | 해물탕면 9,000 | 송이전복 80,000 | 전가복 70,000 | 매운해산물누룽지볶음 25,000 | 해산물누룽지탕 38,000 | 특짬뽕 13,000 | 사천해물탕 22,000 | 오향장육 38,000 | 모듬냉채 38,000 | 산라탕 30,000 | 게살스프 30,000 | 청경채굴소스 23,000 | 청경채버섯볶음 25,000 | 라조기 20,000 | 잡채밥 10,000 | 유린기 20,000 | 매운자장면 8,000 | 해물쟁반짜장(2인) 16,000 | 차돌짬뽕 12,000 | 순두부짬뽕/밥 9,000 | 멘보샤 18,000 | 마라샹궈 23,000 | 마라왕새우 38,000 | 바지락볶음 18,000",0
227,72065599,뚝배기양평해장국 성수점,02-466-6689,"['한식', '해장국']","['서울 성동구', '아차산로 110', '성광빌딩 1층']",평일 09:00~23:00 일요일 휴무 | 토요일 07:00~22:30,"양평(양선지)해장국 9,000 | 내장탕 11,000 | 순대해장국 7,500 | 양육개장 9,000 | 황태해장국 7,500 | 뚝배기불고기 7,500 | 양곱창전골 中 300 | 양쭈꾸미볶음 28,000 | 양곱창볶음 中 22,000 | 양곱창볶음 大 32,000 | 양곱창전골 大 40,000 | 순대전골 中 25,000 | 순대전골 大 35,000 | 양골뱅이무침 26,000",0
228,1809923591,El Patio,070-8822-5628,"['술집', '와인']","['서울 성동구', '연무장길 10-5']",목요일 11:00~00:00 | 수요일 11:00~00:00 | 일요일 11:00~00:00 | 화요일 11:00~00:00 | 토요일 11:00~02:00 | 금요일 11:00~02:00 | 월요일 휴무,"El patio 아인슈페너 6,700 | Grano 아인슈페너 6,500 | 패션후르츠 에이드 6,000 | 티블렌딩 에이드 6,000",0
229,1973183457,안티크코코,010-9346-4737,"['음식점', '카페,디저트']","['서울 광진구', '아차산로30길 26', '1층 108-1호']",매일 11:00~23:00,"아메리카노 4,300 | 우유눈꽃빙수 11,900 | 에스프레소 3,500 | 카페라떼 4,800 | 카푸치노 4,800 | 카페모카 5,300 | 카라멜라떼 5,300 | 카라멜마키아또 5,400 | 바닐라라떼 5,300 | 바닐라마키아또 5,400 | 티라미수라떼 6,300 | 레인보우라떼 6,300 | 벚꽃라떼 6,300 | 데빌라떼 5,800 | 샤케치노 5,200 | 샤케라토 4,800 | 아포카토 5,400 | 그린티라떼 5,800 | 밀크티라떼 5,800 | 소이라떼 6,300 | 딸기라떼 7,500 | 베리베리/라임/오렌지/코코넛밀크 에이드 6,900 | 딸기/바나나블루베리/애플망고/쇼콜라 스무디 7,800 | 화이트/레드/블루/그린 샹그리아 8,900 | 얼그레이/페퍼민트/캐모마일 5,800 | 페이버리(과일)티 6,500 | 쇼콜라 5,800 | 민트쇼콜라 6,300 | 바닐라 아이스크림 마카롱 2,800 | 딸기 아이스크림 마카롱 2,800 | 얼그레이필(조각) 7,500 | 치즈쇼콜라(조각) 7,800 | 레몬쇼콜라(조각) 7,600 | 레드벨벳좋아 5,600 | 당근가득 5,500 | 딸기사랑해 6,600 | 마카롱 2,900 | 녹차/리얼초코/요거트/치즈카라멜/딸기 아이스크림케잌(조각) 7,800 | 카라멜/민트/딸기/망고 엔젤슈슈 6,800",0
230,1088502623,복만루 3호점,02-498-1685,"['중식', '중식당']","['서울 광진구', '동일로20길 106', '2층']",매일 12:00~24:00,"무한리필샤브샤브 15,000",0
231,1659379885,걸작떡볶이치킨 성수점,02-467-2821,"['음식점', '분식']","['서울 성동구', '아차산로 87']","매일 11:30~22:30 매월 2,4주 월요일 휴무","국물떡볶이(R) 10,000 | 숯불킹떡볶이(R) 13,000 | 걸작순살치킨 10,000 | 레몬크림새우치킨 14,000 | 양념순살치킨 11,000 | 깐풍순살치킨 12,000 | 국물떡닭세트(R) 20,000 | 닭볶이떡닭세트(R) 23,000 | 숯불킹떡닭세트 23,000 | 부대떡닭세트 21,000 | 국물떡순튀세트 20,000 | 국물닭볶이(R) 13,000 | 닭볶이떡순튀세트 23,000 | 숯불킹떡순튀세트 23,000 | 부대떡순튀세트 21,000 | 패밀리세트 34,000",0
232,38779756,펀비어킹 성동 성수역점,02-499-9695,"['술집', '맥주,호프']","['서울 성동구', '아차산로 93']",매일 16:00~04:00,"페퍼로니 페스츄리 피자 14,900 | 먹태킹 14,900 | 새우살타워링 15,900 | 치즈볼&리코타 샐러드 16,900 | 아이스과일펀치 16,900 | 반반치킨 19,900 | 통오징어한판떡볶킹 20,900 | 술도둑 곱도리탕 23,900",0
233,1074297223,동촌샤브칼국수,02-497-1193,"['일식', '샤브샤브']","['서울 성동구', '아차산로7길 21', '1층']",매일 11:00~22:00 법정공휴일 휴무,"버섯매운탕칼국수 7,000 | 등심샤브샤브 11,000 | 스페셜샤브샤브 15,000 | 오리샤브샤브 13,000 | 해물샤브샤브 13,000 | 왕만두 5,000",0
234,1424938071,예바다,02-3499-4222,"['일식', '돈가스']","['서울 성동구', '성수일로10길 26', '하우스디세종타워 상가동 110호']",,"왕돈까스 7,900 | 생선까스 7,900 | 안심까스 8,500 | 까르보나라 7,500 | 매운까르보나라 7,900 | 칠리게살파스타 8,500 | 새우크림파스타 8,500 | 뽀모도로 6,900",0
235,1552421879,야곱293,02-6015-1858,"['한식', '곱창,막창,양']","['서울 성동구', '연무장길 17-1']",매일 17:00~00:00 점심시간 11:30 ~ 14:00 | 일요일 휴무,"곱창 17,000 | 대창 17,000 | 막창 17,000 | 야곱스페셜M 52,000 | 야곱스페셜L 68,000",0
236,1125962368,장위동유성집 성동점,02-465-9378,"['한식', '소고기구이']","['서울 성동구', '성수이로 118', '라성아카데미 지상1층 104호']","매일 17:30~22:30 / 일요일, 명절당일 휴무","한우등심(1인분) 42,000 | 별미국수 3,000",0
237,1323665378,본죽 성수역점,02-499-6282,"['음식점', '죽']","['서울 성동구', '아차산로7길 15']",평일 09:00~21:00 | 토요일 09:00~21:00 | 일요일 휴무,"전복죽 11,000 | 트러플전복죽 16,000 | 홍게품은죽 13,000 | 쇠고기야채죽 9,000 | 자연송이쇠고기죽 13,000 | 삼계죽 11,000 | 삼계전복죽 15,000 | 낙지김치죽 9,500 | 7가지야채죽 8,000 | 신짬뽕죽 10,000 | 불낙죽 11,000 | 해물죽 10,000 | 단호박죽 9,000 | 동지팥죽 9,000 | 해물김치해장죽 10,000 | 6쪽마늘닭죽 11,000 | 전복내장죽 13,000",0
238,1447656721,커피식구 성수센터,070-8777-8179,"['카페,디저트', '카페']","['서울 성동구', '아차산로13길 31', '1층 커피식구']",평일 10:00~21:00 | 주말 11:00~19:00 | 공휴일 11:00~19:00,"사이폰 티(Syphon Tea) 변동가격(업주문의) | 다크골드 커피 변동가격(업주문의) | 디카페인 커피 변동가격(업주문의) | 스페셜티 커피 변동가격(업주문의) | 더치커피 변동가격(업주문의) | 레드 에스프레소(루이보스) 변동가격(업주문의) | 에이드/핫티 5,000 | 요거트 6,000 | 라떼류 5,000 | 밀크티 변동가격(업주문의)",0
239,1591454252,에머이 건대스타시티점,02-2218-3257,"['음식점', '베트남음식']","['서울 광진구', '아차산로 262', '스타시티 2층']",매일 10:30~22:00,"양지 쌀국수 9,800 | 불고기 쌀국수 12,000 | 차돌박이 쌀국수 13,000 | 닭쌀국수 8,900 | 분짜 15,000 | 반쎄오 18,000 | 볶음밥 9,800 | 야채볶음 9,000 | 넴 6,900 | 매운쌀국수 9,800 | 껌팃헤오 9,800 | 고이꾸온 6,900",0
240,37997607,담미온 성수점,02-466-9288,"['한식', '국밥']","['서울 성동구', '성수이로 118', '성수아카데미타워']",매일 00:00~24:00 일요일 밤에는 쉽니다 | 공휴일 00:00~24:00 일요일 밤에는 쉽니다,"수육국밥 7,000 | 순대국밥 7,000 | 얼큰국밥 8,000 | 부대찌개수육국밥 8,000 | 김치찌개수육국밥 8,000 | 나가사끼수육국밥 8,000 | 수육곰탕 8,000 | 뼈해장국 8,000 | 고기덮밥 8,000 | 수육정식 12,000 | 순대정식 12,000 | 보쌈정식 10,000 | 정식추가 5,000 | 감자탕 30,000 | 곱창전골 25,000 | 순대볶음 35,000 | 착한보쌈 20,000 | 보쌈 35,000 | 마늘보쌈 40,000 | 불껍데기 15,000 | 담미온모듬 45,000 | 토종순대 소 6,000 | 토종순대 대 10,000 | 편육 소 6,000 | 편육 대 10,000 | 어리굴젓추가 5,000",0
241,31202749,뚜레쥬르 성수역점,02-462-5572,"['카페,디저트', '베이커리']","['서울 성동구', '성수이로 113', '빌딩']",,,0
242,35438570,은호초밥 건대본점,02-463-5753,"['일식', '초밥,롤']","['서울 광진구', '동일로20길 83']",매일 11:30~24:00,"모듬 12pcs 12,500 | 특 은호 12pcs 16,000 | 스페셜 은호 12pcs 20,000 | 연어 10pcs 17,000 | 광어·연어 10pcs 18,000 | 참치(가마도로 5pcs) 27,000 | 참치 뱃살 12pcs 27,000 | 참치(참다랑어)배꼽 4pcs 19,000 | 실장님 추천 초밥 28,000 | 참다랑어 뱃살 44,000 | 참다랑어(가마살,머릿살,중뱃살) 43,000 | 모듬회(선어,연어,참치) 42,000 | 참치/연어 회 35,000 | 광어/연어 회 32,000 | 광어 회 32,000 | 연어회 28,000 | 참치머리(예약제) 변동가격(업주문의)",4.3
243,68648987,이강노떡볶이,02-463-1816,"['분식', '떡볶이']","['서울 성동구', '아차산로7길 4', '1층']",매일 11:30~21:30 | 토요일 휴무,"떡볶이 3,000 | 순대 3,500 | 어묵한그릇(3개) 2,000 | 어묵(개당) 700 | 야끼만두 500 | 삶은계란/고구마/단호박 600 | 새우/오징어다리/김말이/고추김말이 700 | 고추/오징어/야채/쥐포 800 | 통새우 1,000 | 모짜렐라치즈완자 1,100 | 소시지 1,500 | 핫도그 1,800 | 튀김한세트(고구마&단호박&오징어&김말이&야끼만두) 3,000 | 셀프주먹밥 3,000 | 참치마요밥 3,500 | 생맥주 3,000 | 소주/맥주 4,000 | 음료수 1,500 | 쿨피스 2,000 | 2인세트 11,000 | 3인세트 14,000 | 2인생맥세트 15,000 | 3인생맥세트 18,000",0
244,1253321041,닭한마리,,"['음식점', '한식']","['서울 성동구', '아차산로 96']",,,4.21
245,37992201,체리커피,02-462-8228,"['음식점', '카페,디저트']","['서울 성동구', '성수이로 148', '1층']",매일 08:00~18:00 | 주말 휴무,"마일드 아메리카노 2,000 | 체리 아메리카노 2,500 | 수제청 레몬에이드 4,000 | 수제청 아이스유자 4,000 | 더치 큐브라떼 4,800 | 더치 자바칩 프라페 5,800",0
246,1081894371,성수찜닭,02-497-3663,"['한식', '찜닭']","['서울 성동구', '아차산로7길 28', '1층 성수찜닭']",매일 10:30~23:00,"성수찜닭(소)반마리 20,000 | 성수찜닭(중)한마리 30,000 | 성수찜닭(대)한마리반 40,000 | 콩나물 닭볶음탕(소)반마리 20,000 | 콩나물 닭볶음탕(중)한마리 30,000 | 콩나물 닭볶음탕(대)한마리반 40,000 | 각종 사리(당면,라면,떡,감자,모둠) 2,000~5,000 | 공기밥,날치알 주먹밥,볶음밥,날치알 볶음밥 1,000~4,000 | 각종 주류 3,000~12,000",0
247,1569752551,루디먼트,02-6497-7158,"['음식점', '카페,디저트']","['서울 성동구', '아차산로7길 15-8']",화요일 12:00~22:00 | 주말 12:00~22:00 | 수요일 12:00~22:00 | 목요일 12:00~22:00 | 금요일 12:00~22:00,"아메리카노 4,500",0
248,1121141355,20SPACE,02-548-7720,"['음식점', '카페,디저트']","['서울 성동구', '아차산로 83', '1층']",매일 10:00~22:00 라스트오더 21:40 | 공휴일 휴무 국가공휴일,아메리카노 변동가격(업주문의) | 더치커피 변동가격(업주문의) | 요커트스무디 변동가격(업주문의) | 밀크쉐이크 변동가격(업주문의) | 녹차라떼 변동가격(업주문의) | 자몽주스 변동가격(업주문의),0
249,1692978310,라화쿵부 성수점,02-2223-2177,"['중식', '중식당']","['서울 성동구', '연무장5가길 7']",매일 11:00~22:00,"마라탕 100g 1,700 | 마라향궈  100g 3,000 | 쌀국수 8,000 | 찹쌀탕수육 18,000 | 매운가재볶음 30,000",0
250,1279085531,RSG 성수,,"['음식점', '카페,디저트']","['서울 성동구', '연무장15길 11', 'C동 110호']",매일 11:00~02:00,"드립커피 핫 4,000 | 딸기라떼 5,500 | 흑당버블라떼 5,000 | 에이드 트로피컬/레몬 5,000",0
251,150892345,왔쏘 성수점,02-461-1829,"['한식', '소고기구이']","['서울 성동구', '아차산로11길 11', '동성빌딩']",매일 11:00~23:00 | 일요일 휴무,"성인 20,900 | 초등학생 11,500 | 미취학아동(36개월이상) 5,500 | 샐러드바 1,000",0
252,33990024,불백하우스,02-455-5066,"['한식', '백반,가정식']","['서울 성동구', '아차산로7길 29', '성광빌딩']",평일 10:00~22:00,"돼지불백 7,000 | 선지해장국 6,000 | 돼지주물럭 9,000 | 돼지불고기도시락 8,000 | 고추장불고기도시락 8,000 | 옛날소불고기도시락 12,000",0
253,17951665,성수낙지,02-462-1120,"['한식', '낙지요리']","['서울 성동구', '성수일로12길 34']","매일 11:30~22:00 B.T 15:00~17:00 | 일요일 휴무 1,3주 일요일 휴무","낙지볶음 특 70,000 | 낙지볶음 대 50,000 | 낙지볶음 중 40,000 | 산낙지전골 특 70,000 | 산낙지전골 대 50,000 | 산낙지전골 중 40,000 | 산낙지연포탕 특 70,000 | 산낙지연포탕 대 50,000 | 산낙지연포탕 중 40,000 | 낙지초무침 대 70,000 | 낙지초무침 중 50,000 | 갈낙전골 대 70,000 | 갈낙전골 중 50,000 | 산낙지철판볶음 대 70,000 | 산낙지철판볶음 중 50,000 | 산낙지 변동가격(업주문의) | 양푼동태탕 대 35,000 | 양푼 동태탕 중 25,000 | 코다리찜 대 35,000 | 코다리찜 중 25,000 | 낙지볶음덮밥 8,000 | 동태탕 7,000 | 코다리찜 10,000 | 갈낙탕 12,000 | 전복갈비 15,000 | 낙지파전 12,000",0
254,33283770,김가네김밥 성수IS비즈타워점,02-6464-7737,"['음식점', '분식']","['서울 성동구', '성수이로 147', '아이에스비즈타워']",매일 08:00~20:30 | 주말 휴무,김가네김밥 변동가격(업주문의) | 돈까스롤김밥 변동가격(업주문의) | 멸추김밥 변동가격(업주문의) | 스팸김밥 변동가격(업주문의) | 면류 변동가격(업주문의) | 라이스류 변동가격(업주문의) | 스페셜류 변동가격(업주문의) | 분식류 변동가격(업주문의),0
255,1665975226,빅쭌부대찌개 성수점,02-2223-2110,"['한식', '찌개,전골']","['서울 성동구', '연무장5가길 7', '110-111호']",매일 10:00~22:00,"부대찌개 9,000 | 고추장불고기 10,000",0
256,1551929056,또래오래 성수역점,02-481-5554,"['음식점', '치킨,닭강정']","['서울 성동구', '아차산로 97']",,"엔젤치킨 19,000 | 마왕치킨 19,000 | 핫양념치킨 18,000 | 양념치킨 17,000 | 갈릭반핫양념반 18,000 | 순살후라이드 17,000 | 오곡후라이드치킨 16,000 | 후라이드반 양념반 17,000 | 단짠윙봉 18,000 | 고추단짠윙봉 19,000",0
257,880014619,도치피자 성수점,02-469-8002,"['음식점', '피자']","['서울 성동구', '연무장길 7', '1~2층']",매일 11:30~22:00 명절 당일 휴무,"프리마베라 23,500 | 스타 피자 23,000 | 디아볼라 19,500 | 꽈트로 포르마지 22,000 | 고르곤졸라 18,500 | 베르나도치 23,000 | 판체타 21,000 | 감베리 크레마 17,500 | 감베리 에 루꼴라 19,500 | 버팔로 포모도로 18,500 | 오르조 리조또(보리) 19,000 | 감베리 풍기 샐러드 16,500 | 시저샐러드 16,500 | 카프레제 16,000",0
258,18794069,유진참치,02-498-9292,"['한식', '생선회']","['서울 성동구', '연무장7길 16', '한서빌딩  B1층']",,,0
259,1352505024,어부가,02-498-8907,"['한식', '생선회']","['서울 성동구', '연무장9길 4']",,"1~2만원 8,000",0
260,1250594695,성수80,070-7847-5090,"['음식점', '카페,디저트']","['서울 성동구', '연무장5가길 20', '2층']",매일 12:00~01:00,"아메리카노 4,000 | 불고기파니니 7,500",0
261,1289626023,정릉회관 성수점,02-464-2011,"['한식', '육류,고기요리']","['서울 성동구', '연무장길 120', '1층']",매일 11:30~24:00,"삼겹살(제주산200g) 14,000 | 목살(제주산200g) 14,000 | 뼈등심(제주산 300g) 21,000 | 인생껍데기(제주산230g) 9,000 | 김치찌개 6,000 | 순두부찌개 6,000 | 된장찌개 6,000 | 고추장찌개 6,000 | 꼬막비빔밥+미니된장찌개 10,000 | 비빔면 4,000 | 짜파게티 4,000 | 계란볶음밥 3,000",0
262,1879756679,해란양꼬치,02-498-8886,"['중식', '중식당']","['서울 광진구', '동일로18길 73']",매일 11:00~05:00,"고급갈비(300g) 25,000 | 양꼬치(10꼬치) 13,000 | 양갈비살(10꼬치) 15,000 | 소꼬치(10꼬치) 15,000 | 마라양갈비(6꼬치) 15,000 | 꿔바로우 10,000 | 가지볶음 12,000 | 양갈비 16,000 | 양깃머리(10꼬치) 18,000 | 오돌뼈(10꼬치) 15,000 | 닭똥집(10꼬치) 13,000 | 오징어(10꼬치) 15,000 | 새우꼬치(10꼬치) 13,000 | 돼지심장(10꼬치) 13,000 | 짝태 15,000 | 어향육슬 10,000 | 향라육슬 15,000 | 경장육슬 15,000 | 어향가지 15,000 | 지삼선 15,000 | 번데기튀김 18,000 | 궁보우지딩 18,000 | 라즈지 18,000 | 수주육편 18,000 | 바지락볶음 15,000 | 유린기 20,000 | 마른고추소고기볶음 18,000 | 새우알튀김 18,000 | 칠리새우 18,000 | 마라코위 35,000 | 콜라닭날개 15,000 | 향라개구리다리 18,000 | 류류단 15,000 | 깐풍기 18,000 | 마라가재 40,000 | 향라대하 18,000 | 매운해링고볶음 18,000 | 꼴뚜기볶음 15,000 | 마라샹꿔 25,000 | 철판명란 20,000 | 철판소배필 20,000 | 새우청경채 15,000 | 부추계란볶음 12,000 | 고추건두부볶음 10,000 | 감자채볶음 10,000 | 토마토계란볶음 12,000 | 마파두부 10,000 | 얼큰해물탕 15,000 | 건두부무침 10,000 | 고수무침 10,000",0
263,1897382599,해물썬,02-2138-8949,"['한식', '조개요리']","['서울 성동구', '아차산로 91', '현진빌딩 2층']",평일 11:30~14:30 Lunch Time | 평일 16:30~11:00 Dinner Time | 토요일 15:00~22:30 | 일요일 휴무,"조개전골(소) 39,000 | 해물썬 감바스 13,900 | 소고기 스키야키 칼국수 8,000 | 크림새우 16,900 | 낙.곱.새 29,000",0
264,31316663,스타벅스 건국클래식점,1522-3232,"['카페,디저트', '카페']","['서울 광진구', '능동로 92']",목요일 07:00~21:00 | 금요일 07:00~21:00 | 토요일 08:00~21:00 | 일요일 08:00~21:00 | 월요일 07:00~21:00 | 화요일 07:00~21:00 | 수요일 07:00~21:00,"토피 넛 라떼 5,800 | 토피 넛 팝콘 트리 프라푸치노 6,500 | 캐모마일 릴렉서 6,100 | 다크 초콜릿 6,100 | 카페 아메리카노 4,100 | 카페 라떼 4,600 | 디카페인 카페 라뗴 4,900 | 오늘의 커피 3,800 | 스타벅스 돌체 라떼 5,600 | 카라멜 마키아또 5,600 | 카푸치노 4,600 | 카페 모카 5,100 | 화이트 초콜릿 모카 5,600 | 콜드 브루 4,500 | 자몽 허니 블랙 티 5,300 | 아이스 자몽 허니 블랙 티 5,300 | 망고 바나나 블렌디드 6,300 | 에스프레소 프라푸치노 5,100 | 자바 칩 프라푸치노 6,100",0
265,1194575541,복만루 2호점,02-499-1685,"['중식', '중식당']","['서울 광진구', '아차산로30길 23']",평일 11:00~02:00 | 토요일 11:00~02:00 | 일요일 11:00~24:00,"샤브샤브 무한리필 15,000",0
266,1624281888,얌샘김밥 성수역점,02-6013-3378,"['음식점', '분식']","['서울 성동구', '연무장5가길 7', '1층 107호']",매일 07:30~20:30 | 토요일 10:00~16:00 | 일요일 휴무,"얌샘김밥 3,200 | 날치알톡톡김밥 4,200 | 참치샐러드김밥 4,000 | 라돈모다기 8,500 | 차돌된장찌개비빔밥 7,500 | 돈까스김치오므라이스 8,500 | 생등심돈까스 7,500 | 치즈돈까스 9,000",0
267,1789963875,햄찌와베찌,02-498-8210,"['음식점', '한식']","['서울 성동구', '아차산로11길 26', '1층']",매일 11:00~22:00,"베이컨찌개 9,000",0
268,37683876,EZER Coffee,02-461-1411,"['음식점', '카페,디저트']","['서울 성동구', '성수이로 127', '보문127빌딩 1층']",평일 08:00~22:00 | 토요일 09:00~22:00 | 일요일 휴무,"아메리카노 4,500 | 플랫화이트 5,000 | 초코라떼 6,000 | 라떼 5,000 | 카푸치노 5,000 | 페퍼민트/캐모마일/얼그레이 6,500",0
269,36543767,티바두마리치킨 성수점,02-499-4442,"['음식점', '치킨,닭강정']","['서울 성동구', '성수일로8길 47']",매일 10:00~02:00 매주 월요일 휴무,"양심치킨(안심살) 16,000 | 국물떡볶이 5,000 | 양파드레싱 4,000 | 파채+소스 2,500 | EQ양념치킨 +마늘간장 22,000 | 스윗커리+후라이드 23,000 | 스윗커리+양념또는간장 24,000 | 스윗커리+땡초갈릭또는치즈스노우 26,000 | 치즈스노우퀸+후라이드 23,000 | 땡초갈릭+후라이드 23,000 | 치즈스노우퀸+땡초갈릭 26,000 | 순살후라이드2마리 20,000 | 순살후라이드+순살양념 21,000 | 순살후라이드+순살간장 21,000 | 순살양념+순살간장 22,000 | 후라이드치킨 14,000 | EQ양념치킨 15,000 | 마늘간장치킨 15,000 | 후라잉불닭 16,000",0
270,37153352,와플몽 건대점,070-8871-9900,"['카페,디저트', '와플']","['서울 광진구', '아차산로30길 31']",매일 14:00~22:00,"초코아이스크림와플 5,000 | 아메리카노 2,500 | 생크림사과잼와플 3,000 | 생크림초코칩쿠키와플 3,500 | 생크림크림치즈와플 4,000",0
271,1410410322,라천하,02-468-5757,"['중식', '중식당']","['서울 광진구', '동일로18길 107', '2층 203호']",매일 11:30~23:30,"꿔바로우 12,000 | 크림새우 15,000 | 깐쇼새우 15,000 | 향라대하 15,000 | 향라육슬 12,000 | 가지튀김 10,000 | 경장육슬 12,000 | 건두부볶음 8,000 | 가지고기튀김 12,000 | 평양냉면 8,000 | 마라탕 7,000 | 마라샹궈.100g당 3,000 | 마라소륭사 35,000 | 지삼선 10,000 | 마파두부 8,000 | 계란토마토볶음 8,000 | 계란부추볶음 8,000 | 어항육슬 12,000 | 백김치당면볶음 8,000 | 두부볶음 8,000 | 등심볶음 12,000 | 쯔란심관 12,000 | 홍소갈비 12,000 | 삼선누룽지 12,000 | 오징어튀김 15,000 | 닭날개튀김 12,000 | 짝태볶음 15,000 | 꼴뚜기볶음 15,000 | 쭈꾸미볶음 15,000 | 조개살볶음 15,000 | 깐궈위즈 15,000 | 깐궈오징어 15,000 | 깐궈곱창 15,000 | 깐궈깐양 15,000 | 깐궈소배필 15,000 | 수주육편 20,000 | 소고기오이무침 12,000 | 건두부무침 8,000 | 감자무침 8,000 | 피단두부 8,000 | 오이무침 8,000 | 계란토마토탕 7,000 | 계란시금치탕 7,000 | 물만두 7,000 | 볶음밥 7,000 | 옥수수(온면) 7,000 | 운남쌀국수 7,000 | 소고기쌀국수 8,000",0
272,38466916,짝태먹태,010-4176-9820,"['술집', '맥주,호프']","['서울 성동구', '성수일로8길 30', '진봉도금. 서울도금']",매일 14:00~01:00 | 일요일 휴무,"짝태 13,000 | 먹태 13,000 | 왕노가리 3,000 | 대구노가리 3,000 | 통통노가리 3,000 | 장어포 5,000 | 학꽁치 2,000 | 몸짱징어 2,000 | 못난이쥐포 3,000 | 문어다리 6,000 | 가오리날개 2,000 | 번데기탕 7,000 | 얼음황도 8,000 | 계란지짐이 10,000",4.25
273,18792438,우야꼬칼국수파전,02-469-6301,"['음식점', '한식']","['서울 성동구', '성수일로8길 41']",,"모듬전 18,000 | 해물파전 13,000 | 굴파전 15,000 | 동그랑땡 11,000 | 굴전 11,000 | 동태전 11,000 | 김치전 11,000 | 해물김치전 13,000 | 참치김치전 13,000 | 문어숙회 15,000 | 뼈없는닭발 13,000 | 제육볶음 13,000 | 오돌뼈 13,000 | 오징어볶음 13,000 | 곱창볶음 13,000 | 두부김치 13,000",0
274,18794151,행운식당,02-497-8818,"['일식', '돈가스']","['서울 성동구', '아차산로11길 11', '동성빌딩']",평일 11:00~20:00 | 토요일 휴무 | 공휴일 휴무 | 일요일 휴무,"수제돈가스 7,000 | 왕돈가스곱배기 9,000 | 닭도리탕 7,000",0
275,21911060,광장족발,02-463-5800,"['한식', '족발,보쌈']","['서울 성동구', '아차산로 96', '신성빌딩']",,"광장족발 (특대/국내산) 43,000 | 광장족발 (대/국내산) 38,000 | 광장족발 (중/국내산) 33,000 | 광장족발 (미니/국내산) 18,000 | 쟁반국수 15,000 | 녹두전 12,000 | 왕만두 5,000 | 육개장 6,000",0
276,12056429,버거킹 건대역점,070-7462-8511,"['양식', '햄버거']","['서울 광진구', '아차산로 262', '더샵스타시티']",매일 10:00~23:00,"트러플머쉬룸 와퍼세트 8,300 | 트러플머쉬룸 스테이크버거세트 9,300 | 통새우와퍼주니어세트 6,900 | 통새우스테이크버거세트 9,900 | 통새우와퍼세트 8,900 | 와퍼세트 7,900 | 불고기와퍼세트 7,900 | 콰트로치즈와퍼세트 8,800 | 치즈와퍼세트 8,500 | 와퍼주니어세트 6,300 | 불고기와퍼주니어 6,300 | 콰트로치즈와퍼주니어 6,900 | 치즈와퍼주니어 6,600 | 프렌치프라이(R)~(L) 1,600~2,100 | 어니언링 2,000 | 너켓킹(4~10조각) 2,000~5,000",0
277,789449455,등갈비불고기,,"['한식', '육류,고기요리']","['서울 성동구', '아차산로7길 4']",,"매운갈비찜소 20,000",0
278,19713482,니뽕내뽕 건대본점,02-499-1828,"['중식', '중식당']","['서울 광진구', '동일로20길 60', '연일빌딩']",매일 11:30~22:00 BREAK TIME 15:50~17:10,"차뽕 6,900 | 크뽕 8,500 | 샐뽕 8,500 | 니피자(고구마) 9,900 | 니내피자(시금치) 13,500 | 뽕골레 8,900 | 토뽕 7,900 | 일뽕 6,900 | 로뽕 9,200 | 태뽕 7,500 | 쉬즈 리조또 9,200 | 핫시크 리조또 8,600 | 코코피자(코코넛) 9,900 | 내피자(갈릭) 9,900 | 에이드세트 1L(뽕 또는 리조또 2그릇+피자 1판+1L에이드 1개) 28,700 | 에이드세트 500ML(뽕 또는 리조또 2그릇+피자 1판+500ML에이드 1개) 25,700 | 탄산세트(뽕 또는 리조또 2그릇+피자 1판+탄산음료 1개) 23,700",0
279,1613470297,브루잉 세레모니,010-8929-4771,"['음식점', '카페,디저트']","['서울 성동구', '연무장5가길 22-1', '1층']",금요일 11:00~21:00 | 목요일 11:00~21:00 | 수요일 11:00~21:00 | 화요일 11:00~21:00 | 토요일 11:00~21:00 | 월요일 11:00~21:00 | 일요일 휴무,"브루잉 커피 5,000 | 라떼 5,000 | 비엔나 5,500 | 레몬 5,000 | 오렌지 5,000",0
280,11881745,한촌설렁탕 성수점,02-463-6568,"['한식', '곰탕,설렁탕']","['서울 성동구', '성수이로 113', '빌딩']",매일 10:00~22:00 연중무휴,"설렁탕 5,500 | 회냉면 5,500 | 도가니탕 12,000 | 수육 22,000 | 해물파전 8,000 | 꼬리찜 33,000",4.17
281,1990043006,쭈전부리,02-466-1541,"['음식점', '한식']","['서울 성동구', '아차산로 96', '1층']",금요일 16:00~01:30 | 목요일 16:00~01:30 | 수요일 16:00~01:30 | 화요일 16:00~01:30 | 월요일 16:00~01:30 | 토요일 16:00~00:00 | 일요일 휴무,"불쭈꾸미+쭈꾸미파전 28,000 | 철판쭈꾸미+쭈꾸미파전 30,000 | 쭈꾸미초무침+육전 28,000 | 불쭈꾸미 볶음 9,000 | 철판쭈꾸미볶음 10,000 | 쭈꾸미초무침 20,000 | 쭈꾸미파전 15,000 | 육전 15,000 | 모듬전 18,000",0
282,38758014,더리터 성수역점,02-464-2992,"['카페,디저트', '테이크아웃커피']","['서울 성동구', '아차산로7길 9-2']",평일 07:30~23:00 | 토요일 09:00~23:00 | 일요일 09:00~21:00,"아메리카노 1L 2,000 | 복숭아숭숭 1L 3,000 | 과일요거스 1L 4,500 | 카푸치노 2,500",0
283,11736146,피자헛 성수점,02-469-5162,"['음식점', '피자']","['서울 성동구', '아차산로7나길 18']",평일 11:00~23:00 (정확한 운영시간은 지점별 문의필수) | 주말 11:00~23:00 (정확한 운영시간은 지점별 문의필수),"얼티밋 치즈포켓 L 25,130 | 티본 스테이크&쉬림프 L 25,130 | 베이컨 포테이토 L 23,730 | 이탈리안 살시챠 L 25,130 | 팬 페퍼로니 L 16,910 | 팬 수퍼 슈프림 L 20,310 | 메가더블세트 19,900 | 리치골드 토핑킹 L 25,130",0
284,1594968145,밥플러스 6호점,02-3499-4449,"['음식점', '한식']","['서울 성동구', '성수일로10길 26', '하우스디세종타워 2층 202호']","평일 11:30~14:00 중식 11:20~14:00, 석식 17:50~19:30 | 주말 휴무 | 공휴일 휴무","한식 7,000",0
285,1353326103,나누다키친 공유식당 1호점,,"['일식', '카레']","['서울 성동구', '연무장7가길 1']",,"경양가츠 변동가격(업주문의) | 오팔 변동가격(업주문의) | 사바보우스시 23,000 | 고등어소바 13,000",0
286,12796872,코코호도 성수점,02-467-5955,"['카페,디저트', '호두과자']","['서울 성동구', '아차산로7길 22']",평일 09:00~21:00 매장마다 다를수 있음 | 토요일 09:00~21:00 매장마다 다를수 있음,"코코스페셜 33,000 | 선물용 대 25,000 | 선물용 중 17,000 | 선물용 소 11,000 | 미니케이스 대 5,500 | 미니케이스 소 3,800 | 미니케이스 럭셔리 3,800 | 프리백 5,000 | 초코컵 3,800 | 딸기컵 3,800 | 레드컵 3,300 | 간식용 3000 3,000 | 간식용 5000 5,000 | 간식용 10000 10,000 | 단체간식용 변동가격(업주문의) | 코코너츠 18,000 | 간식용 캐슈넛 3,900 | 간식용 아몬드 3,800 | 간식용 허니땅콩 3,000",0
287,11861121,맛을 그리다,02-3443-5542,"['카페,디저트', '떡카페']","['서울 성동구', '성수이로 87', '성문빌딩 1층']",평일 08:00~22:00 | 주말 10:00~22:00 | 공휴일 10:00~22:00,"아메리카노 3,500~4,000 | 레몬/매실 에이드 5,500 | 한라봉/유자/모과/생강 차 6,000 | 망고/홍시/코코넛 커피 스무디 5,500 | 병아리 호박/콩쥐 팥쥐 죽 6,500 | 팥빙수 8,000",0
288,38231757,지호한방삼계탕 성수점,02-463-8683,"['한식', '백숙,삼계탕']","['서울 광진구', '동일로 88']",매일 11:00~22:00 9월부터 다음년도 3월까지 매주 일요일은 쉽니다,"건강 한방삼계탕 14,000 | 미용 한방삼계탕 14,000 | 죽 한방삼계탕 14,000 | 얼큰 한방삼계탕 15,000 | 옻 한방삼계탕 16,000 | 들깨 한방삼계탕 16,000 | 녹두 한방삼게탕 16,000 | 헛개 한방삼계탕 16,000 | 단호박 한방삼계탕 17,000 | 전복 약도라지 29,000 | 닭도리탕 35,000 | 불닭발 20,000 | 천마오리보양탕 55,000 | 오리고추장불고기 25,000 | 오리 닭가슴살 떡갈비 15,000 | 약닭찜 33,000",0
289,1338574178,바우네나주곰탕 성수역점,02-902-0540,"['한식', '곰탕,설렁탕']","['서울 성동구', '연무장7길 7-1']",,,0
290,1632480509,메가커피 성수역점,02-499-1025,"['카페,디저트', '카페']","['서울 성동구', '아차산로 113', '104호 메가MGC커피']",평일 06:50~22:00 | 주말 07:00~20:00,"Ice Americano 2,000",0
291,1501982515,일심정,02-465-3419,"['한식', '해물,생선요리']","['서울 성동구', '성수이로 127', '보문빌딩 2층 201호']",매일 11:00~23:00 일요일 휴무,"메뉴판사진참조해주세요 1,000",0
292,38275311,마실,02-2218-5720,"['음식점', '카페,디저트']","['서울 광진구', '능동로 92', '더클래식 500 5층']",매일 10:00~21:00,,0
293,1800290784,탕화쿵푸마라탕 건대점,02-464-6226,"['중식', '중식당']","['서울 광진구', '아차산로30길 26']",매일 11:00~23:00,"마라탕 100g 1,700 | 마라향궈 100g 3,000 | 꿔바로우 15,000 | 볶음면 7,000 | 전병 2,000",0
294,36711448,한가람 롯데백화점스타시티점,02-2218-3980,"['한식', '한정식']","['서울 광진구', '능동로 92', '롯데백화점스타시티점 10층']",매일 10:30~21:00,"불낙해물전골(2인이상) 23,000 | 옛날불고기(2인이상) 19,000 | 소고기버섯야채전골 18,000 | 갈치조림 15,000 | 한가람쌈밥정식 16,000 | 소갈비찜 25,000 | 보리밥 열무낙지정식 11,000 | 소고기샤브샤브(2인이상) 23,000",0
295,1221505453,명가옛날통닭 성수점,02-462-7979,"['음식점', '치킨,닭강정']","['서울 성동구', '아차산로7길 24']",,,0
296,297126441,가뜨머차,02-469-0609,"['카페,디저트', '베이글']","['서울 성동구', '아차산로 103', '영동테크노타워 105호']",평일 07:00~21:00 | 토요일 09:00~20:00 | 일요일 10:00~18:00 | 공휴일 10:00~18:00,"아메리카노 3,000 | 베이글 2,000 | 생과일쥬스 4,000",4.39
297,1965016277,동북풍미,02-468-9493,"['중식', '양꼬치']","['서울 광진구', '동일로18길 90', '1층']",매일 11:30~24:00,"양꼬치 13,000 | 고급 양갈비 25,000 | 찹쌀 탕수육 12,000 | 어항육슬 12,000 | 새우청경채 12,000 | 가지 볶음 10,000 | 마파두부 8,000 | 마라썅꿔 25,000 | 마라륭쌰+소주1병 35,000 | 삼겹살백김치탕 16,000 | 계란토마토탕 12,000 | 짬뽕탕 7,000 | 오향소고기 18,000 | 오이양장피 10,000 | 소고기감자탕 20,000 | 삼선누룽지탕 13,000 | 양깃머리무침 20,000 | 개고기편육 30,000 | 육슬양장피 14,000 | 돼지귀오이무침 14,000 | 소고기오이무침 15,000 | 떡심무침 15,000 | 명태무침 16,000 | 천엽무침 16,000 | 소양무침 16,000 | 돼지고기가지볶음 16,000 | 지삼선 14,000 | 향구단볶음 15,000 | 새우유채볶음(소) 12,000 | 풍미가지볶음 18,000 | 목이버섯배추볶음 13,000 | 항구유채볶음 14,000 | 회꿔소고기 20,000 | 철판양고기 25,000 | 개고기고추볶음 30,000 | 캐슈새우 20,000 | 풍미족발 30,000 | 홍먼욱 25,000 | 사천매콤닭고기 16,000 | 곱창볶음 18,000 | 개구리다리볶음 18,000 | 즈란염통줄기 16,000 | 삼양볶음 16,000 | 철판명란 20,000 | 번데기볶음 20,000 | 소배필 20,000 | 도가니볶음 20,000 | 철판소고기 20,000 | 향라닭날개 18,000 | 향라쪽갈비 20,000",0
298,1025172920,맘스터치 건대스타시티점,02-447-0017,"['음식점', '치킨,닭강정']","['서울 광진구', '능동로 92', '롯데백화점 스타시티 지하1층']",매일 10:30~22:00,리얼비프버거 변동가격(업주문의) | 후라이드통다리 변동가격(업주문의) | 베이컨치즈감자 변동가격(업주문의) | 언빌리버블버거 변동가격(업주문의) | 인크레더블버거 변동가격(업주문의) | 화이트갈릭버거 변동가격(업주문의) | 딥치즈버거 변동가격(업주문의) | 싸이버거 변동가격(업주문의) | 디럭스불고기버거 변동가격(업주문의) | 통새우버거 변동가격(업주문의) | 간장마늘치킨 변동가격(업주문의) | 알룰로스치킨 변동가격(업주문의) | 찜햇닭 변동가격(업주문의) | 치파오 변동가격(업주문의) | 바삭크림치즈볼 변동가격(업주문의) | 코울슬로 변동가격(업주문의) | 콘샐러드 변동가격(업주문의) | 랜치소스 변동가격(업주문의) | 케이준양념감자 변동가격(업주문의),0
299,11730838,돈이야,02-497-5567,"['일식', '돈가스']","['서울 성동구', '아차산로13길 37']",매일 10:00~23:00 연중무휴,"로스가스 5,000 | 안심돈까스 7,500 | 생선가스, 돈가스나베 각 7,000 | 치즈가스 8,500 | 모둠가스 9,000",0
